commentId,sentimentLabel,sentimentScore
Ugg1_WTcjih0aXgCoAEC,Not applicable,
Ugg1oD3n0L3qJXgCoAEC,Neutral,0.0
Ugg3yALNV6ZqVngCoAEC,Not applicable,
Ugg9lzcnGOIyRngCoAEC,Neutral,0.0
UggBSTs__Li4VXgCoAEC,Positive,1.0
UggB_bp-IPh6_3gCoAEC,Not applicable,
UggEO8WTRAh45HgCoAEC,Not applicable,
UggGnGWfFzap53gCoAEC,Positive,1.0
UggNeb24sd1MrXgCoAEC,Negative,-1.0
UggObkjVugknPngCoAEC,Positive,1.0
UggQPFJn9kUoW3gCoAEC,Positive,1.0
UggSVVyB1niMUngCoAEC,Not applicable,
UggVddlgVOA9TXgCoAEC,Positive,1.0
UggbQk02RONaYngCoAEC,Not applicable,
UggcknO0BcYOTHgCoAEC,Neutral,0.0
UgggxmAKZrr9k3gCoAEC,Neutral,0.0
Uggni8y4eG3-NXgCoAEC,Negative,-1.0
Uggtz_bfAK6IbXgCoAEC,Positive,1.0
UgguEcqedp60vHgCoAEC,Not applicable,
Ugh5M5VyOqyU0ngCoAEC,Negative,-1.0
Ugh8F5i5QqNypHgCoAEC,Positive,1.0
UghErX99mLTm4XgCoAEC,Positive,1.0
UghHfAClvWNqe3gCoAEC,Not applicable,
UghHr6A8weDEiHgCoAEC,Negative,-1.0
UghKUhDOqafrT3gCoAEC,Negative,-1.0
UghSjuVcPHxDC3gCoAEC,Negative,-1.0
UghWBU-A76diQXgCoAEC,Not applicable,
UghWUKteJcyu8HgCoAEC,Neutral,0.0
UghZAETyJo0gHngCoAEC,Neutral,0.0
UghgfCXxhCqvdHgCoAEC,Neutral,0.0
Ughly2JoKbyyfXgCoAEC,Negative,-1.0
UghmZTe81kMIRHgCoAEC,Positive,1.0
UghqrR5r0Ns3TXgCoAEC,Neutral,0.0
UghtBj_hFSls23gCoAEC,Neutral,0.0
Ughv_M6NRjs2DHgCoAEC,Neutral,0.0
UghwIY9ScYCrtXgCoAEC,Not applicable,
UghxkZe8QBA_j3gCoAEC,Neutral,0.0
Ughzw_HU82GmsXgCoAEC,Neutral,0.0
Ugi05rEGl2GV8XgCoAEC,Neutral,0.0
Ugi7aLpZF4r0hngCoAEC,Positive,1.0
UgiCad6ege-bAHgCoAEC,Neutral,0.0
UgiFHFlsHxbmfXgCoAEC,Neutral,0.0
UgiGK4fk32PQ73gCoAEC,Neutral,0.0
UgiIw_LnKhfWG3gCoAEC,Neutral,0.0
Ugw--LnPXfAf5vS2bAd4AaABAg,Positive,1.0
Ugw-DG9hNJ4t24WYEyl4AaABAg,Neutral,0.0
Ugw-K3fJsDvZT5rwnoR4AaABAg,Positive,1.0
Ugw-NzTExUXsr6Bbtkh4AaABAg,Neutral,0.0
Ugw-TTCvyfPZcbAiBDB4AaABAg,Not applicable,
Ugw-dhoU_-Tyz_0hJ-Z4AaABAg,Positive,1.0
Ugw-jzzIv1-XU2qzffF4AaABAg,Positive,1.0
Ugw-vl7qzCPijLrG28t4AaABAg,Neutral,0.0
Ugw02jJ0574uVQcGyzF4AaABAg,Negative,-1.0
Ugw0AljCQfDaEIj376Z4AaABAg,Positive,1.0
Ugw0AmbpMxPIYBBkZ-t4AaABAg,Positive,1.0
Ugw0MY7uoSyEPjQLUW54AaABAg,Positive,1.0
Ugw0PgkQzVs-JDj0wyx4AaABAg,Positive,1.0
Ugw0q5c8J0Ht_FLtx2x4AaABAg,Positive,1.0
Ugw0skta1sK1YDdOdDV4AaABAg,Neutral,0.0
Ugw0z7EbSglsU72yK1J4AaABAg,Positive,1.0
Ugw1P6LffuLPmm4uOO94AaABAg,Positive,1.0
Ugw1P6T46EeWeWtgi314AaABAg,Positive,1.0
Ugw1QP-MPGd8bCGz_U54AaABAg,Not applicable,
Ugw27bT3fTCJsV31nux4AaABAg,Negative,-1.0
Ugw2Rhw559DAQMEHgzZ4AaABAg,Positive,1.0
Ugw2Yv9fQfhiIyLxSXR4AaABAg,Neutral,0.0
Ugw2gfZkBB2q1goaIUd4AaABAg,Positive,1.0
Ugw2qm0hbz0hoTWsaCR4AaABAg,Not applicable,
Ugw2rzRfnm-U2Q__oM54AaABAg,Neutral,0.0
Ugw37NSV9w7Li8fj-XJ4AaABAg,Negative,-1.0
Ugw3XJrRCUdBO867iOt4AaABAg,Positive,1.0
Ugw409_IiMq3cDlHm914AaABAg,Negative,-1.0
Ugw4ASR6__3vY0jUDf54AaABAg,Neutral,0.0
Ugw4dfDTsizW1of9iul4AaABAg,Negative,-1.0
Ugw4g4Csn-_ooWohLFt4AaABAg,Neutral,0.0
Ugw4hGYB9u5QyfFGtQ14AaABAg,Positive,1.0
Ugw4xwkZuJFwg5NXoih4AaABAg,Negative,-1.0
Ugw51HG21s_SlSHQUXF4AaABAg,Positive,1.0
Ugw52kcBQBmdq7FMb6p4AaABAg,Negative,-1.0
Ugw54zeL4N80FDqYjBF4AaABAg,Positive,1.0
Ugw56g6T16Cc-eKyliJ4AaABAg,Neutral,0.0
Ugw5gb5Jvx9VNWgrApV4AaABAg,Positive,1.0
Ugw64dHDRv3Iw_aqiul4AaABAg,Neutral,0.0
Ugw6FmjjjcWnWdRXKBl4AaABAg,Neutral,0.0
Ugw6V7mWHkDoY3qXwcV4AaABAg,Neutral,0.0
Ugw6e3OpAYIL4TfWT9t4AaABAg,Neutral,0.0
Ugw6q7gTV5NdmfFS9Ch4AaABAg,Positive,1.0
Ugw72Nce7AtVOU3LOr54AaABAg,Neutral,0.0
Ugw735rsVU83nt7xN2B4AaABAg,Neutral,0.0
Ugw7sCU_RPwZ3HomNQR4AaABAg,Neutral,0.0
Ugw7sNQBJsCyKtj5tlF4AaABAg,Positive,1.0
Ugw7ubg2ckZ2-LZ_AGp4AaABAg,Positive,1.0
Ugw8-C6xouBAFvC1EDF4AaABAg,Neutral,0.0
Ugw8-XR4KEaj_WkUpfp4AaABAg,Neutral,0.0
Ugw8Wc3WXrTgwxJU2Ol4AaABAg,Positive,1.0
Ugw90BlSQB3sRE1jZRh4AaABAg,Neutral,0.0
Ugw98PtFxzEMEsqRzwx4AaABAg,Positive,1.0
Ugw9aVe15SajrBwl_FB4AaABAg,Not applicable,
Ugw9kKqWe5Ouv3CZZ2V4AaABAg,Neutral,0.0
Ugw9y0L7YkTi_8I1oqJ4AaABAg,Neutral,0.0
UgwA7oOlbwzJy9RkG1B4AaABAg,Positive,1.0
UgwAIiAQAFjiaB0e03F4AaABAg,Neutral,0.0
UgwAO7qbDqtNKkkP0-d4AaABAg,Negative,-1.0
UgwAYUEzl9aZOxFrwLB4AaABAg,Neutral,0.0
UgwAglGgvtIX0pOycUB4AaABAg,Not applicable,
UgwAmginYWQCJX6phDZ4AaABAg,Neutral,0.0
UgwAvM5IdyJgFVXPc_F4AaABAg,Positive,1.0
UgwBQ1cc3SpBf_jxsaF4AaABAg,Not applicable,
UgwBRk2t_GM8mWg2f5p4AaABAg,Positive,1.0
UgwBpzA3YRWj4Ef4QmV4AaABAg,Positive,1.0
UgwC8Nwj_i49YyCdkMV4AaABAg,Negative,-1.0
UgwCEkIc93gwIamO9et4AaABAg,Neutral,0.0
UgwCMTpD9umUcUOaLJd4AaABAg,Neutral,0.0
UgwCM_0SQv9nt6CBf1B4AaABAg,Positive,1.0
UgwCXgWsY69nMxJhfyB4AaABAg,Neutral,0.0
UgwCgaA4m0KJjQBq9sJ4AaABAg,Positive,1.0
UgwCq8CFqx2IEucz3gZ4AaABAg,Neutral,0.0
UgwCqthiTcg65GHYG4d4AaABAg,Positive,1.0
UgwD0GOqKq0lrqAjBfV4AaABAg,Positive,1.0
UgwDkjIc1tFPzvBY0S54AaABAg,Not applicable,
UgwDmwq3Gpzk88IeIIJ4AaABAg,Neutral,0.0
UgwDpc7UjtobYgaIPHh4AaABAg,Neutral,0.0
UgwDsoit_i5qSNPC81F4AaABAg,Neutral,0.0
UgwDwskp6jAqpmw8Zc14AaABAg,Positive,1.0
UgwE-pvUMkAypfqZAad4AaABAg,Neutral,0.0
UgwECV2OLQEuKQbK_hl4AaABAg,Not applicable,
UgwESftvMgrb-UYROyR4AaABAg,Positive,1.0
UgwEo-mFbxQ1ExDTYKR4AaABAg,Negative,-1.0
UgwFKo6UUX5k6_-NSgp4AaABAg,Neutral,0.0
UgwFa0mPTdho29Pq8Ml4AaABAg,Neutral,0.0
UgwFtCiZ4xbZq6GKCDJ4AaABAg,Positive,1.0
UgwGDWkVE95HzqaB9z14AaABAg,Neutral,0.0
UgwGvmzCMgUU7Iv38sJ4AaABAg,Positive,1.0
UgwH6UhtEWaMIaQ2Aex4AaABAg,Neutral,0.0
UgwHDJWZGfdtvgr5j394AaABAg,Positive,1.0
UgwID61p3f2zJ6PpHTd4AaABAg,Neutral,0.0
UgwIJQTQwEn6p29fQQ14AaABAg,Negative,-1.0
UgwIKWpZqxalAhjVh8R4AaABAg,Negative,-1.0
UgwIL7j61-jfv9NCvvN4AaABAg,Neutral,0.0
UgwIUlJN8Ss_bHIaEUx4AaABAg,Positive,1.0
UgwIWoZUaZXrlh1GyHZ4AaABAg,Positive,1.0
UgwImZ3DPrE0hH6bsmB4AaABAg,Positive,1.0
UgwIq4t3wPVEIzw2kG94AaABAg,Negative,-1.0
UgwJYMfIpaUhvA7PLa14AaABAg,Positive,1.0
UgwJYl-WlnhQCLqztCB4AaABAg,Not applicable,
UgwJup68U9xb6czU7pR4AaABAg,Positive,1.0
UgwK1gPgvJKXzzA9dMR4AaABAg,Positive,1.0
UgwK8OkIHpoN0tvsXJ14AaABAg,Positive,1.0
UgwKOgEaW9IyLCKq3EF4AaABAg,Negative,-1.0
UgwKOnOXY3xjYl2hmUJ4AaABAg,Negative,-1.0
UgwKPqHThGKDKlh4dqh4AaABAg,Neutral,0.0
UgwKRgewEn4PyTeUtsR4AaABAg,Positive,1.0
UgwKTxWHB_H-BjufvU14AaABAg,Negative,-1.0
UgwKoIQUObqH58u4ZMB4AaABAg,Neutral,0.0
UgwL2nSC_q-V7DpScYp4AaABAg,Neutral,0.0
UgwL8w9iOExhofRRAvd4AaABAg,Neutral,0.0
UgwLHzRGuo29th6SNst4AaABAg,Positive,1.0
UgwL_SMmCNRIx-jRdE54AaABAg,Neutral,0.0
UgwLhySnk-opl9RoVoN4AaABAg,Positive,1.0
UgwLiNoSmH7mzPpGE_94AaABAg,Neutral,0.0
UgwLwnBadC-QhF7oDCJ4AaABAg,Negative,-1.0
UgwM-O0ZORwVQZFBHXV4AaABAg,Negative,-1.0
UgwMMDzj3AMx5rU3Spx4AaABAg,Neutral,0.0
UgwMntpZf1Nns4yqG2Z4AaABAg,Positive,1.0
UgwNCLZP9mMR4R7F60x4AaABAg,Neutral,0.0
UgwNIMxPdz1JjAl1YcR4AaABAg,Positive,1.0
UgwNLpMSIx8euFD7jMp4AaABAg,Neutral,0.0
UgwNVf0t4TAb9q8neuR4AaABAg,Positive,1.0
UgwNZ8ciMknua3iAxOh4AaABAg,Neutral,0.0
UgwNor1YDvDIcxe_1Bx4AaABAg,Positive,1.0
UgwNq2AVYj9aWD5DHr14AaABAg,Not applicable,
UgwOIHYkCKxQc0Zc2i94AaABAg,Neutral,0.0
UgwOwDT5WWxrYxyB7hp4AaABAg,Not applicable,
UgwP4UvBT1Gvc6hbh9N4AaABAg,Positive,1.0
UgwP7OBE3SVGMMsO7cx4AaABAg,Positive,1.0
UgwPDazDYAfTo5gR2yh4AaABAg,Negative,-1.0
UgwPzHNNAHNwbn3d09B4AaABAg,Positive,1.0
UgwQQmjXaAxRUTFglPV4AaABAg,Positive,1.0
UgwQT27xIA2Sl_lKxEJ4AaABAg,Negative,-1.0
UgwQUlvt0cq-svqhAiJ4AaABAg,Negative,-1.0
UgwQzjJGDiYsncSZEHp4AaABAg,Positive,1.0
UgwR2m7N6DTkWQKGMrF4AaABAg,Positive,1.0
UgwRpBI-sSfOnU6bm4l4AaABAg,Positive,1.0
UgwSLBZpKkQWJxlUlGp4AaABAg,Neutral,0.0
UgwS_4e54MeoXvuGhHR4AaABAg,Negative,-1.0
UgwSnp4CHQSidbmEBxx4AaABAg,Positive,1.0
UgwSpp57RUH4IS0htPh4AaABAg,Neutral,0.0
UgwSvhGPUL7iLmg1y394AaABAg,Neutral,0.0
UgwT0DT19_XexqdQP194AaABAg,Positive,1.0
UgwT0umB-Eu7WDtlzxR4AaABAg,Neutral,0.0
UgwTDB48-db9zcDO1VZ4AaABAg,Positive,1.0
UgwTFHKwMXGEWQrQ37x4AaABAg,Positive,1.0
UgwTNzj-nLyHUZRvh-F4AaABAg,Neutral,0.0
UgwTOPzVFvaWj-1p5up4AaABAg,Positive,1.0
UgwTgJIZ2N9pu2n04EJ4AaABAg,Negative,-1.0
UgwU-DSNH7ZvC3YII394AaABAg,Negative,-1.0
UgwU2lP9bvwyVf5c6Jp4AaABAg,Positive,1.0
UgwUH2SlUXlAbBzPo8d4AaABAg,Positive,1.0
UgwUSAOVUB2ZQ2siChV4AaABAg,Neutral,0.0
UgwUbgYaNp5eNpGk1-t4AaABAg,Positive,1.0
UgwUxBC2yQuZh9sTxhh4AaABAg,Neutral,0.0
UgwV14MuxApXvVoWKfR4AaABAg,Neutral,0.0
UgwV4IxHkRen5SiUQT54AaABAg,Not applicable,
UgwV7bZNRa-sGA5pdLF4AaABAg,Positive,1.0
UgwVDGfngCNG3oT9Iux4AaABAg,Negative,-1.0
UgwVMkfZyec0aoVrqgt4AaABAg,Positive,1.0
UgwVNf246uJSaL5DC0x4AaABAg,Positive,1.0
UgwVQMvFl0eDbWSTfjJ4AaABAg,Neutral,0.0
UgwVQNxyWs63qigI5mN4AaABAg,Positive,1.0
UgwVYleQgaZALfoOoUZ4AaABAg,Neutral,0.0
UgwViUhuPxq0qNC-RqB4AaABAg,Not applicable,
UgwVpwUUOMTlrJ8_Gc14AaABAg,Positive,1.0
UgwW-k50r219IgeVcmJ4AaABAg,Positive,1.0
UgwW6KdIEYsLoGI6syR4AaABAg,Neutral,0.0
UgwWWffhtxqJexGhL-F4AaABAg,Neutral,0.0
UgwXmb8Dkoz8DbR292h4AaABAg,Neutral,0.0
UgwXrfSdQ7kaNj3A57d4AaABAg,Negative,-1.0
UgwXwjY1b-KKk_vzQ1F4AaABAg,Not applicable,
UgwY9MOOGMphouH979J4AaABAg,Positive,1.0
UgwYDdHhBVQ4YDuDFKp4AaABAg,Positive,1.0
UgwYVX6KzO40u5HUMBR4AaABAg,Neutral,0.0
UgwY_8eLcvWnAhJHw7t4AaABAg,Neutral,0.0
UgwYkndODZajn-7H7sh4AaABAg,Neutral,0.0
UgwYmwh89FDU6UqtxI14AaABAg,Neutral,0.0
UgwYyj4V75AJpyJ2fYB4AaABAg,Positive,1.0
UgwZCaBIBXSXmwtqQLh4AaABAg,Neutral,0.0
UgwZaNlwbOeIrLyJBR54AaABAg,Positive,1.0
UgwZl_xTI6WsXGIU4PR4AaABAg,Neutral,0.0
UgwZvOPrQPI5SGiFTRV4AaABAg,Positive,1.0
UgwZyw09FPNX8b3SiH94AaABAg,Positive,1.0
Ugw_3LbRx96iOLKyng94AaABAg,Neutral,0.0
Ugw_7RTtFvk0qBHqUTJ4AaABAg,Neutral,0.0
Ugw_8S5MdBXY9m4EEkN4AaABAg,Positive,1.0
Ugw_8kSut2Xsu0-kXJZ4AaABAg,Negative,-1.0
Ugw_yMFxCioWMQD2CmV4AaABAg,Positive,1.0
Ugw_zbApjO0nY2M1Vhh4AaABAg,Not applicable,
UgwaFwc6i7QbwteiXCh4AaABAg,Negative,-1.0
UgwaGPp8hj0iBwyYiUd4AaABAg,Positive,1.0
UgwaYctve3J6ZX2p4MJ4AaABAg,Positive,1.0
UgwaaffsAbi5fLVPsPd4AaABAg,Neutral,0.0
UgwafR8hLbiIPutkU014AaABAg,Positive,1.0
Ugwaz2bQcqLcVdZpvLx4AaABAg,Positive,1.0
Ugwb5-13JXux5jfSAcd4AaABAg,Neutral,0.0
UgwbmMdyHjkuFPcKy1p4AaABAg,Neutral,0.0
Ugwbw4BlyQJtskyqr2F4AaABAg,Neutral,0.0
Ugwc5RLlTNXaZzlM-1p4AaABAg,Neutral,0.0
Ugwc8y8odF8UEoKWz7d4AaABAg,Neutral,0.0
UgwcAx5hcem9N7QVK_R4AaABAg,Negative,-1.0
UgwcD89edEqquSzk4UF4AaABAg,Positive,1.0
UgwcSfxdStFb9XezpKx4AaABAg,Neutral,0.0
UgwcbcFRYb1b94KqzJl4AaABAg,Positive,1.0
Ugwdbe-7mHTojSn2SUt4AaABAg,Neutral,0.0
Ugwdxpzd5EDn1Fx6ABB4AaABAg,Neutral,0.0
Ugwdzol4_lyiPJuPrtV4AaABAg,Positive,1.0
Ugwe9UQa2pe0vwPZTtl4AaABAg,Neutral,0.0
UgweK9JWjtCcTeCoR3B4AaABAg,Neutral,0.0
UgweKW9oCnYQvE1As6h4AaABAg,Negative,-1.0
UgweLMlasE6UR1dxm9N4AaABAg,Neutral,0.0
UgweTu8cXkpTzwo4A5B4AaABAg,Neutral,0.0
Ugwee9DE1XProfCIY2Z4AaABAg,Positive,1.0
Ugweg8AD9alRa9DVYGd4AaABAg,Negative,-1.0
UgwexFOj_aFs8k31gCd4AaABAg,Positive,1.0
Ugwf65LFMywKA180zZh4AaABAg,Positive,1.0
UgwfDu4X5JWCl4JcFoV4AaABAg,Positive,1.0
Ugwfcy3IBHBJpXC8j2B4AaABAg,Positive,1.0
Ugwg09J6EElA9RpkC0p4AaABAg,Neutral,0.0
Ugwg3PL24I8oBUBd7E94AaABAg,Neutral,0.0
UgwgOAOSL_uU2U0J6p94AaABAg,Positive,1.0
Ugwghot1kJrIcvQ1zvt4AaABAg,Positive,1.0
UgwgkHeR_y0IBPI6Q_R4AaABAg,Negative,-1.0
Ugwh3DEcZ0SvKURqrdl4AaABAg,Positive,1.0
UgwhV7EKhIlT_BLOwWR4AaABAg,Positive,1.0
Ugwhabs5bhDlvskcvy94AaABAg,Negative,-1.0
UgwhjQxTKYO4dB7V6dl4AaABAg,Negative,-1.0
Ugwhq4ZtkfjW054KIb54AaABAg,Negative,-1.0
UgwhryMQllbjPfw-gMF4AaABAg,Positive,1.0
Ugwi6jLQxcQZASKHU-Z4AaABAg,Positive,1.0
UgwiINAPtg2uR73IlF94AaABAg,Positive,1.0
UgwiVfro-Ez-HEp2KI54AaABAg,Positive,1.0
UgwiVqtdkUjwzK1PjOF4AaABAg,Neutral,0.0
UgwibkaA-LQHijB0_Ot4AaABAg,Positive,1.0
UgwisYK1FsOYCRylHZ94AaABAg,Neutral,0.0
UgwiyynWJSfcbDOHAph4AaABAg,Neutral,0.0
Ugwj2P7vNRGG6f8lS1p4AaABAg,Neutral,0.0
Ugwj3ZsJblrvOlCi7Kt4AaABAg,Neutral,0.0
Ugwk_Ie9RZS6bEykQzF4AaABAg,Positive,1.0
UgwkeE-5riLrHtqscgF4AaABAg,Positive,1.0
Ugwkh0kAw55v7payGmB4AaABAg,Neutral,0.0
UgwkwbSs_I2kRUh1syJ4AaABAg,Neutral,0.0
Ugwl-VGul_HW45mYtgV4AaABAg,Positive,1.0
Ugwl1DwgVA_DwexkLl14AaABAg,Positive,1.0
UgwlcvOhWpFvloVvdkh4AaABAg,Neutral,0.0
Ugwle2sh94aOQqHLKSh4AaABAg,Positive,1.0
UgwlfdIyFWoBU8YEc7N4AaABAg,Neutral,0.0
Ugwlj4Ul8Y_upzWyzl14AaABAg,Neutral,0.0
UgwlvYsJ0dadaGOPcxt4AaABAg,Not applicable,
Ugwm0up3iXQvXsK1tgp4AaABAg,Positive,1.0
Ugwm3pmnEucnwBGuG6B4AaABAg,Neutral,0.0
Ugwm7pHTJwvyaT5DxCR4AaABAg,Neutral,0.0
UgwmQQPn0tMpHY9x5Jp4AaABAg,Positive,1.0
Ugwn8-VtQr0KT25pCZ54AaABAg,Neutral,0.0
UgwnXB-C2q6QdZGF0BZ4AaABAg,Neutral,0.0
UgwnbIk3JSdYT4i0dCp4AaABAg,Positive,1.0
Ugwnyq6-K5GPh49SEkV4AaABAg,Not applicable,
Ugwo39EF7q0Bm9iVOWl4AaABAg,Neutral,0.0
Ugwo4fn7S2IZD7xUVwR4AaABAg,Negative,-1.0
UgwoHu4sGhrldXXE_B94AaABAg,Positive,1.0
Ugwod-_-DUWMOwfV9DB4AaABAg,Positive,1.0
Ugwoj6tujr4GxmTMh5N4AaABAg,Not applicable,
UgwoluyXOfyKXT9X5CF4AaABAg,Positive,1.0
UgwpAqzmLw-aoYdwC9Z4AaABAg,Negative,-1.0
UgwpfZkWUeZlsKvMpAl4AaABAg,Neutral,0.0
UgwqY-eGAbHLRNfZIEZ4AaABAg,Neutral,0.0
UgwqZ3QGQU_Cc98wgnd4AaABAg,Neutral,0.0
UgwqjFAL0dhna69czR54AaABAg,Positive,1.0
UgwqsNpVO_T9F2oPS3l4AaABAg,Positive,1.0
UgwrLMYz5wl-BPpNXVl4AaABAg,Neutral,0.0
UgwrWVWdW1GjTbbORF94AaABAg,Negative,-1.0
UgwrbPFUtd3qz6h8KuN4AaABAg,Positive,1.0
UgwrmuCgxP2HZwuvv7p4AaABAg,Neutral,0.0
UgwroTAkFvnRVMuw6Eh4AaABAg,Neutral,0.0
UgwrprBsaUu4YxBOSNZ4AaABAg,Neutral,0.0
Ugws4WW6rG15yKHy3BJ4AaABAg,Neutral,0.0
UgwsH17HASasSs06XB14AaABAg,Negative,-1.0
UgwtAXsifIAOy5SKcM14AaABAg,Positive,1.0
UgwtIdyTxg2b5C9ZNqh4AaABAg,Positive,1.0
UgwtJwxp3Zr8CIEbh6F4AaABAg,Neutral,0.0
UgwtgIUQawMBi_D1UB14AaABAg,Neutral,0.0
Ugwtqba-Jj8izotWIgF4AaABAg,Positive,1.0
UgwtsXrSuaAV4zDrtZl4AaABAg,Neutral,0.0
UgwucnmLyroe5iWtZTd4AaABAg,Negative,-1.0
UgwudnywHB7B1R35GE14AaABAg,Neutral,0.0
UgwunULJhV0D62-QjaZ4AaABAg,Neutral,0.0
UgwuodHptaZe6-55SRZ4AaABAg,Neutral,0.0
Ugwv0DvEfQgX3v_sEgB4AaABAg,Neutral,0.0
UgwvT1qCkeDv1-OWzmF4AaABAg,Negative,-1.0
Ugwvd-aG7KlkYj97XJd4AaABAg,Neutral,0.0
UgwvdiejWbFP0sPB34p4AaABAg,Positive,1.0
UgwvndGVT5mgFH_UjWl4AaABAg,Neutral,0.0
UgwvqLjwb-bpmS0GwxF4AaABAg,Neutral,0.0
UgwvzV1KvrGXE8dJNyF4AaABAg,Positive,1.0
UgwwEm3dg0CsDoQ_md14AaABAg,Neutral,0.0
UgwwI3Ii8v4PzkyJW9N4AaABAg,Neutral,0.0
UgwwcttpWTAVmUmpfHx4AaABAg,Positive,1.0
UgwwfijR7W8t6Tm4m1B4AaABAg,Positive,1.0
UgwwfzgxGFxeckGxpFZ4AaABAg,Positive,1.0
UgwwjkXUEPF0VUSNF-R4AaABAg,Positive,1.0
Ugwxkol6Lvu_uz4Km8Z4AaABAg,Negative,-1.0
UgwxsfIMjq4Esyc3CPR4AaABAg,Positive,1.0
UgwxwegLKc5qZU5Wmsl4AaABAg,Negative,-1.0
UgwyFkqZDjeCv8fvIvd4AaABAg,Positive,1.0
UgwyGogC9peglhZVpnZ4AaABAg,Neutral,0.0
UgwyZmO-C1KqG2gPS_h4AaABAg,Neutral,0.0
Ugwyd5Sp1hZXSP26ssB4AaABAg,Negative,-1.0
Ugwyee4fHCeoF1L00lV4AaABAg,Neutral,0.0
UgwygEZmjQjV-kArr-94AaABAg,Neutral,0.0
UgwyvlsBhxgA6Nf6bzd4AaABAg,Neutral,0.0
Ugwz2yCGBwsSmN-jOF54AaABAg,Positive,1.0
Ugwz422JWC06RPKpfPl4AaABAg,Positive,1.0
UgwzWP1o66M0SwBgANB4AaABAg,Not applicable,
UgwzifJKauIl9RbrIT94AaABAg,Neutral,0.0
UgwzrCapPI-GHJ15NrF4AaABAg,Neutral,0.0
UgwzsabQMh0C2c9Q3WN4AaABAg,Positive,1.0
Ugx-1pJtt-keOFoDkkd4AaABAg,Positive,1.0
Ugx-92PUgx1HoI2293h4AaABAg,Neutral,0.0
Ugx-KOcJ2c4G9xV9k3t4AaABAg,Neutral,0.0
Ugx-OYbVrsXIR8xYBXR4AaABAg,Neutral,0.0
Ugx-b9cz814Y8jtMf4R4AaABAg,Neutral,0.0
Ugx-c3CKtl_P7xMbE7V4AaABAg,Positive,1.0
Ugx-kXsJY0Q7Mx3awhR4AaABAg,Positive,1.0
Ugx0HZ3fMDACJ8HAvox4AaABAg,Positive,1.0
Ugx0PCBMpm2JpVwdajB4AaABAg,Neutral,0.0
Ugx0QXFD4Zw19xjzqvp4AaABAg,Neutral,0.0
Ugx0UUZAfwin0ejcSeR4AaABAg,Not applicable,
Ugx0lbIBcvcbN8zhO3V4AaABAg,Positive,1.0
Ugx0nTAyrnkCIwcGRzp4AaABAg,Neutral,0.0
Ugx0xSl_T7VZzbJAQMp4AaABAg,Negative,-1.0
Ugx1SjKzZY4XJcGMTgx4AaABAg,Neutral,0.0
Ugx1g5WWk5WYdZC20Hl4AaABAg,Positive,1.0
Ugx1hdzRmUe9_d3Knfh4AaABAg,Negative,-1.0
Ugx1mNq-tZIlY-MvrEJ4AaABAg,Positive,1.0
Ugx2EuJAj31VlYIGevB4AaABAg,Not applicable,
Ugx2MSI02jVZp7iRYK54AaABAg,Neutral,0.0
Ugx2ZMaow5C1oldzs8N4AaABAg,Positive,1.0
Ugx31T9GWc-GFrIAvel4AaABAg,Positive,1.0
Ugx34NTEExkkSXDEzll4AaABAg,Neutral,0.0
Ugx3AetUB684qox900B4AaABAg,Positive,1.0
Ugx3Qh-0F-vqd4gUDZd4AaABAg,Neutral,0.0
Ugx3ZqjoLf9QJAl-UUh4AaABAg,Negative,-1.0
Ugx3jGDA39b7JbJjjwR4AaABAg,Neutral,0.0
Ugx42eFlV8mHmoElsM14AaABAg,Negative,-1.0
Ugx466BdWag8d-ddPE14AaABAg,Negative,-1.0
Ugx4SwPGPobdH86fPy14AaABAg,Positive,1.0
Ugx4i894Dw05N-mpQrF4AaABAg,Positive,1.0
Ugx4wwyZvP-uIJ6rJa14AaABAg,Negative,-1.0
Ugx51sNWtXO0p99PzOd4AaABAg,Neutral,0.0
Ugx5378i_Pm_gV1OHwZ4AaABAg,Neutral,0.0
Ugx5MxLxn7hkwq1Eh0Z4AaABAg,Neutral,0.0
Ugx5P_rUvlaOfK76gWh4AaABAg,Negative,-1.0
Ugx5QxJiChxxNVbp61J4AaABAg,Neutral,0.0
Ugx5UTZDFmfxxQ_yQk14AaABAg,Neutral,0.0
Ugx5Wdb9TzyW3ucr8sR4AaABAg,Negative,-1.0
Ugx5rMFOngwMtyBFp-t4AaABAg,Neutral,0.0
Ugx5s_nK3Wc0ubc5yfR4AaABAg,Neutral,0.0
Ugx5wdwn1eTqntHAwft4AaABAg,Neutral,0.0
Ugx5xBDndo-MoFA4lpJ4AaABAg,Neutral,0.0
Ugx65nHGvvgsQKr9M0h4AaABAg,Positive,1.0
Ugx6Bl4dQdqvL2-ILFx4AaABAg,Neutral,0.0
Ugx6FatitpQMAQ0Wmc14AaABAg,Neutral,0.0
Ugx6RR4kdOrxvMMHEdx4AaABAg,Positive,1.0
Ugx6Yc4rV1ppB8Y6uYh4AaABAg,Positive,1.0
Ugx6cDSPr03Xx7nWNct4AaABAg,Positive,1.0
Ugx6l0NIBDlA6Kvc2Ah4AaABAg,Neutral,0.0
Ugx6pqoWXw5dO4pw_IN4AaABAg,Neutral,0.0
Ugx71RzYlsxMTmFRYFF4AaABAg,Negative,-1.0
Ugx7EdN_3pyKNLWlJEZ4AaABAg,Positive,1.0
Ugx7FY6KSdl4kmbXeTZ4AaABAg,Neutral,0.0
Ugx7_QwlWMEQB4E-eAt4AaABAg,Positive,1.0
Ugx7_Tqydy9G2Ntarmh4AaABAg,Negative,-1.0
Ugx7bPKUwqGZtq6w2EJ4AaABAg,Positive,1.0
Ugx7nJBC3s5adWCBHyl4AaABAg,Negative,-1.0
Ugx7syveFrE-97Ei7PV4AaABAg,Neutral,0.0
Ugx7xlyaorH4mhRv9hB4AaABAg,Positive,1.0
Ugx87c44jjyZuKiAPlF4AaABAg,Positive,1.0
Ugx89I9lI55XPhZG92Z4AaABAg,Positive,1.0
Ugx8O2ZhI29Xko2qSSN4AaABAg,Neutral,0.0
Ugx9-5eYTQCxBEKLthN4AaABAg,Neutral,0.0
Ugx911NMKpOq37WfiBB4AaABAg,Negative,-1.0
Ugx9EEpbm-N51C6VtRF4AaABAg,Neutral,0.0
UgxABDjN_4NPzC0sr6F4AaABAg,Positive,1.0
UgxAG4cP1upaXsSKOj14AaABAg,Negative,-1.0
UgxAGARv6g1PtuGmq0R4AaABAg,Negative,-1.0
UgxARFWVcb2Gzf47OLt4AaABAg,Positive,1.0
UgxAr3Ath1heyXYVt_l4AaABAg,Negative,-1.0
UgxB3LasWjSSW-q-dCN4AaABAg,Neutral,0.0
UgxBPo3Rr4-FvhJgtRF4AaABAg,Negative,-1.0
UgxBaubSH8cMR5R8dVJ4AaABAg,Neutral,0.0
UgxBbGpqKoxqa4ZEhPt4AaABAg,Positive,1.0
UgxBn1Xuhohwm6BrmTJ4AaABAg,Positive,1.0
UgxC3uZTifAt9Sk-AGJ4AaABAg,Positive,1.0
UgxCCh6mC419AZs_yWF4AaABAg,Not applicable,
UgxCMCNSDfbQW2N7pvV4AaABAg,Positive,1.0
UgxCUPogM5w1nWwPH_R4AaABAg,Positive,1.0
UgxCbGzi5Q1ANKjLtHx4AaABAg,Positive,1.0
UgxD-CpFFlOlzPEH3Wt4AaABAg,Negative,-1.0
UgxD1BqL8W2zF53S3E14AaABAg,Positive,1.0
UgxDLk3AId3id1VBVAJ4AaABAg,Positive,1.0
UgxDPKalvq6DzG4sxEJ4AaABAg,Neutral,0.0
UgxDbK4KBu9f3phV5U94AaABAg,Neutral,0.0
UgxDkCS5a6P2oVL-KiF4AaABAg,Neutral,0.0
UgxE5N6mzAErMNfEdMF4AaABAg,Positive,1.0
UgxELmnXIuK0eQKrnTZ4AaABAg,Positive,1.0
UgxEMqAgtB4bnXLX__h4AaABAg,Neutral,0.0
UgxEPDUTk3QGcEOyR2J4AaABAg,Positive,1.0
UgxF1i82jROE4UNcxgx4AaABAg,Negative,-1.0
UgxF6yfHiWEplNzw-ih4AaABAg,Negative,-1.0
UgxFGXR0llw-2of57CJ4AaABAg,Positive,1.0
UgxFICEjWZENYCyd39t4AaABAg,Positive,1.0
UgxFPl3UYyBjRJiKDv14AaABAg,Not applicable,
UgxFYtuQKnk3xQcTqdN4AaABAg,Neutral,0.0
UgxFe0tgrNpq6rXm1Lh4AaABAg,Neutral,0.0
UgxFgASZvBFS_jF-O6R4AaABAg,Neutral,0.0
UgxFsANpd4DGslRZucZ4AaABAg,Neutral,0.0
UgxFxaQtr90612enMFd4AaABAg,Not applicable,
UgxG238xoD9in0yBH0h4AaABAg,Neutral,0.0
UgxG3O7Zx1EShCN81ap4AaABAg,Positive,1.0
UgxGDfWb--nCLxIvSFJ4AaABAg,Neutral,0.0
UgxGJvN7n41QNRvgOVh4AaABAg,Neutral,0.0
UgxGWAxKIFz_NEKL1IZ4AaABAg,Positive,1.0
UgxGf1pRg2X3U8mh8e94AaABAg,Neutral,0.0
UgxGhWQh7U3jX8UngoJ4AaABAg,Positive,1.0
UgxH6jPnZvDyQ2KUAvd4AaABAg,Neutral,0.0
UgxHOmUjfjFsCuZtZRd4AaABAg,Positive,1.0
UgxHSo7rKCUO92OyThB4AaABAg,Positive,1.0
UgxHYE-oMxyXvIMUPnV4AaABAg,Negative,-1.0
UgxHZdC59IifnJGQydh4AaABAg,Neutral,0.0
UgxHaD0Hr4h_ZxdPjg54AaABAg,0,
UgxHbYO36MYScroGlH14AaABAg,Negative,-1.0
UgxHvHu5h6EgQr7MhCZ4AaABAg,Neutral,0.0
UgxIMo9ESdG6ETo67tJ4AaABAg,Neutral,0.0
UgxJ4QAO7SoW97m582h4AaABAg,Neutral,0.0
UgxJXCmEnsQcsiRRulV4AaABAg,Positive,1.0
UgxJXI0G1stvyOJ9pjx4AaABAg,Neutral,0.0
UgxJf-aWf2CSz2FHNNd4AaABAg,Neutral,0.0
UgxJl_VHrG8ilEqWEEx4AaABAg,Neutral,0.0
UgxJqFMDag7YzSVXAEh4AaABAg,Positive,1.0
UgxK0ExeD2fAstbAeOl4AaABAg,Not applicable,
UgxKDZmTbUrZqhJG4TV4AaABAg,Positive,1.0
UgxLAP5kph3eIiL8w0J4AaABAg,Positive,1.0
UgxLq0qs7f5QNUzLNoV4AaABAg,Positive,1.0
UgxLsjixgE7T6vWi-xN4AaABAg,Positive,1.0
UgxLymYwC2q3iO2r10Z4AaABAg,Neutral,0.0
UgxMHz9kDoFyJ9fy5nN4AaABAg,Positive,1.0
UgxMK22byYqUFFSM44B4AaABAg,Negative,-1.0
UgxMzcLKgr6EKbKIhYt4AaABAg,Positive,1.0
UgxN6Dz92Xvqei7rgTx4AaABAg,Neutral,0.0
UgxNCOMjl3KIPKz0Yct4AaABAg,Neutral,0.0
UgxNGvA_r25jmUKI9ix4AaABAg,Neutral,0.0
UgxNPc1RvhL9vhPmJqN4AaABAg,Neutral,0.0
UgxNso8NtwkUUI60GBF4AaABAg,Positive,1.0
UgxO8kAyvJR7VJW7I-F4AaABAg,Neutral,0.0
UgxODnNiVWeWLlOhxkh4AaABAg,Not applicable,
UgxOKkOuGe9JiEJTLK54AaABAg,Neutral,0.0
UgxOM2u8JRe5KZSZxud4AaABAg,Neutral,0.0
UgxOQ2-xZY-b0QJytfd4AaABAg,Neutral,0.0
UgxOhgtRFoVsFp44GdF4AaABAg,Not applicable,
UgxP-JHWVQliTc6ODIh4AaABAg,Negative,-1.0
UgxP3SzDguKjOhzazKt4AaABAg,Positive,1.0
UgxPmrePxf8iI4EddJd4AaABAg,Neutral,0.0
UgxQG6YE9hEmoYemZ_p4AaABAg,Negative,-1.0
UgxQUE5G6G0kBOSLR9l4AaABAg,Positive,1.0
UgxQUSwAlFzqeqz4-KB4AaABAg,Negative,-1.0
UgxR6uJ1bwpvMpj0oNV4AaABAg,Positive,1.0
UgxRXorkLzMOi1Flpmt4AaABAg,Neutral,0.0
UgxS8uu6GSUp6Sg08VN4AaABAg,Positive,1.0
UgxSeLCXSK0UNnHESdx4AaABAg,Positive,1.0
UgxSjw9JnIq09nixmP54AaABAg,Neutral,0.0
UgxSjzOZ6DETZe1YRet4AaABAg,Positive,1.0
UgxT3pXRIQM1gydcX114AaABAg,Negative,-1.0
UgxTQhM7t33UVVY-oH94AaABAg,Neutral,0.0
UgxTi_CIzPy8ADpvwzF4AaABAg,Neutral,0.0
UgxU6AIJmPgpor4hsJh4AaABAg,Positive,1.0
UgxUEY3WMe0HfRhwmMx4AaABAg,Neutral,0.0
UgxUZYEyToANGlr8sIl4AaABAg,Positive,1.0
UgxUhdjJ0xiDiHyvzEB4AaABAg,Positive,1.0
UgxVuJEku0qoXGEw7rx4AaABAg,Neutral,0.0
UgxW0UkAIhQAAvOrfcF4AaABAg,Not applicable,
UgxW2gHFRdHUKHHsu-Z4AaABAg,Not applicable,
UgxW4enzpDmvSsX5oMZ4AaABAg,Negative,-1.0
UgxWIDyt81rknFF3OH54AaABAg,Positive,1.0
UgxWMsatzXD_7o-pgzZ4AaABAg,Negative,-1.0
UgxWYND1ki34TrahK-d4AaABAg,Neutral,0.0
UgxWnO2y3vE9IqQwQD94AaABAg,Positive,1.0
UgxWoNS5GMPqE_7n9uV4AaABAg,Positive,1.0
UgxWrX76fG-_qK5qUq54AaABAg,Positive,1.0
UgxXRbSM9G4Hl_0MsJx4AaABAg,Positive,1.0
UgxXvLh3HckV0Unjgkp4AaABAg,Neutral,0.0
UgxY04piKotv9-uMxoV4AaABAg,Neutral,0.0
UgxY7qFaIstHzwqnOI94AaABAg,Neutral,0.0
UgxY89qpzwoaSoU7qbV4AaABAg,Positive,1.0
UgxYBRQar_urItKg8mJ4AaABAg,Neutral,0.0
UgxYJEr9FbflWB0G7Dx4AaABAg,Neutral,0.0
UgxYjuujfF8pIXCkytB4AaABAg,Negative,-1.0
UgxZ2rOs89Fb1GzpH6F4AaABAg,Positive,1.0
UgxZ4agRycB9pKsz4Nl4AaABAg,Neutral,0.0
UgxZDteZ5rdyxkWBgYd4AaABAg,Positive,1.0
UgxZPdriEYIWi5IeKy54AaABAg,Negative,-1.0
UgxZbLs614dwdil35iR4AaABAg,Positive,1.0
UgxZuXBvoJbHiToXdwJ4AaABAg,Neutral,0.0
UgxZxcQU7mHOr-PPkAV4AaABAg,Positive,1.0
Ugx_5-_JTUIiej26Ndd4AaABAg,Positive,1.0
Ugx_LOzTlFupctfCm9J4AaABAg,Neutral,0.0
Ugx_jRj-PCKkeMvq2rB4AaABAg,Neutral,0.0
Ugx_pTtN5PdhwVfUIHd4AaABAg,Neutral,0.0
UgxaKo0e1k0pVyHRnt54AaABAg,Neutral,0.0
UgxadFAWnw_O4PXLR9J4AaABAg,Positive,1.0
Ugxaf5-QT8R8rEjQbIJ4AaABAg,Positive,1.0
UgxbBXXexpMj1YL_B954AaABAg,Neutral,0.0
UgxbI4Rt0iSgFtaDVqx4AaABAg,Negative,-1.0
UgxbLozsnWaM9YlHnd94AaABAg,Positive,1.0
UgxbbKAGqegQEHAT-cJ4AaABAg,Positive,1.0
Ugxbi_kLLcFxwfC5tLt4AaABAg,Neutral,0.0
Ugxc7Es29VVyPYD5_Td4AaABAg,Neutral,0.0
UgxcB5glM7f1-JD0c9B4AaABAg,Negative,-1.0
UgxcBuqVLPMmhmWmtZJ4AaABAg,Positive,1.0
UgxcQvJy0D3xxs4y6UV4AaABAg,Positive,1.0
UgxcU55HBSFZzlzmKrh4AaABAg,Neutral,0.0
UgxcVSWYmGrOEpw7eEZ4AaABAg,Positive,1.0
UgxcXE1-Wr9sPjeru5l4AaABAg,Negative,-1.0
Ugxca6_R3gm66PCqsWh4AaABAg,Neutral,0.0
UgxcnHJbNmwsjoV8jut4AaABAg,Positive,1.0
Ugxcp2U4uz7qf85xsct4AaABAg,Neutral,0.0
UgxdDASF4LD6Km_IQc94AaABAg,Positive,1.0
UgxdF607djAIzSRzGmd4AaABAg,Positive,1.0
UgxdQasq8Vd9mmJjmxV4AaABAg,Positive,1.0
Ugxdvj7ojMwCljHmP4h4AaABAg,Positive,1.0
Ugxdyy9nPD4Ucg7XEql4AaABAg,Positive,1.0
Ugxe5jElK42YYLB_NJd4AaABAg,Positive,1.0
UgxeJCQWZ4IdA9NWpwF4AaABAg,Negative,-1.0
Ugxefi49mxerc-hI70t4AaABAg,Positive,1.0
Ugxf-YCQp1dyWwWNvtF4AaABAg,Negative,-1.0
Ugxf2pvQKfK2zEh4viN4AaABAg,Neutral,0.0
UgxfHO5-QQunjZWROA54AaABAg,Negative,-1.0
UgxfX8aVZZUMb-DLnfx4AaABAg,Positive,1.0
UgxfbbUmE2bKezBEkmN4AaABAg,Positive,1.0
UgxfcWHt2um5pVFov3N4AaABAg,Positive,1.0
UgxfjWC8QOo3ZfUBD0t4AaABAg,Negative,-1.0
Ugxg6-6XcQ7PJuuNEOR4AaABAg,Positive,1.0
UgxgUcw8xjqeS12RGpF4AaABAg,Positive,1.0
Ugxh7uR6WoP8Q9aklKt4AaABAg,Negative,-1.0
UgxhG1v0hTDdzxHltQV4AaABAg,Positive,1.0
UgxhQvaZ20inHYrXZBF4AaABAg,Positive,1.0
Ugxhg2N70zVzjzkjQJV4AaABAg,Not applicable,
UgxhxREzZ3mQCsd_qMJ4AaABAg,Positive,1.0
Ugxi3TWPLaRdCnDYmVd4AaABAg,Neutral,0.0
Ugxi9AFI-klP5ExGGEV4AaABAg,Negative,-1.0
UgxiI7PtuFUV6qpIpi54AaABAg,Neutral,0.0
UgxiJIR3-Cm_LJnq3VF4AaABAg,Negative,-1.0
UgxiWxgcW2AjXPhsTlt4AaABAg,Neutral,0.0
Ugxi_EngNg0v4-u495B4AaABAg,Neutral,0.0
UgxifnSEs4THUSWFwZ14AaABAg,Neutral,0.0
Ugxj6W_XmrpGY6u7lwd4AaABAg,Neutral,0.0
UgxjHc3WHF4vu8X8ixF4AaABAg,Neutral,0.0
UgxjeOywdzszxYQu3WR4AaABAg,Negative,-1.0
Ugxjsn75F2HjemST4Ah4AaABAg,Positive,1.0
Ugxk05OtgYcJk-VdfDt4AaABAg,Positive,1.0
UgxkRUR7ZJrz34P1a1Z4AaABAg,Positive,1.0
UgxkSHs64H0SyG2-WTN4AaABAg,Positive,1.0
Ugxl9_JWN-bNe6CTawN4AaABAg,Positive,1.0
Ugxl_xFawa50i-eZf7d4AaABAg,Positive,1.0
UgxleUH-cFf-ABBTmBl4AaABAg,Neutral,0.0
UgxluO64GaSQ9joDVGR4AaABAg,Not applicable,
UgxlwgOXpfSSbqVBhnZ4AaABAg,Positive,1.0
Ugxm29-Jsr4PLo4RUe94AaABAg,Positive,1.0
Ugxm3P7Dd6FzApBk3iN4AaABAg,Neutral,0.0
UgxmQ5DWw4Yyx3UnORV4AaABAg,Negative,-1.0
UgxmYxiXmwLDeVCnHL14AaABAg,Neutral,0.0
Ugxm_cLexaACoZW91j94AaABAg,Positive,1.0
Ugxmyv21XOBAeBZPHWN4AaABAg,Positive,1.0
Ugxn8tkYNOpiOWboJT14AaABAg,Not applicable,
Ugxnx1DayByQgo63mn94AaABAg,Not applicable,
UgxnxNaexKakrSeBr0J4AaABAg,Neutral,0.0
UgxnzuuE5gUilrMzi7t4AaABAg,Not applicable,
Ugxo1mzvdrI_BhPI5TZ4AaABAg,Positive,1.0
UgxoHZPRSuRP1mujkAp4AaABAg,Positive,1.0
UgxoJ55QTeNEzdzrtxF4AaABAg,Negative,-1.0
UgxoWXH-b4gtGQwxsch4AaABAg,Neutral,0.0
Ugxo_Hn-09fEAVhMhcV4AaABAg,Neutral,0.0
Ugxokm0QLob2S9K8dbB4AaABAg,Neutral,0.0
UgxolZi48QcRvH_Rrmh4AaABAg,Positive,1.0
UgxorWJzjAPCzbH4FoB4AaABAg,Positive,1.0
UgxoyztQiH4HyhLKDkF4AaABAg,Positive,1.0
Ugxp60mmQHfu3qKN5i94AaABAg,Negative,-1.0
Ugxp6E6GyX1lhszt3jh4AaABAg,Positive,1.0
UgxpSl5z356GiMDcUA54AaABAg,Neutral,0.0
Ugxpi0NiZI7Bso_x5up4AaABAg,Negative,-1.0
Ugxpn2fQOy7H96KVrEx4AaABAg,Neutral,0.0
UgxpnYEexvpDOvyPFTJ4AaABAg,Neutral,0.0
UgxpneuMpD9FRD69rN14AaABAg,Negative,-1.0
Ugxpo2riGyJq9AvcrVl4AaABAg,Neutral,0.0
UgxpwX8unP8ou9Bay9t4AaABAg,Neutral,0.0
UgxpwwbLxYZmwEBbZhF4AaABAg,Neutral,0.0
Ugxq0HY1Od4ddpSpKLN4AaABAg,Neutral,0.0
Ugxq0lQkzac3k8FPQW14AaABAg,Positive,1.0
Ugxq9ob4qoBSbtlI3BJ4AaABAg,Neutral,0.0
UgxqEEQLVglldLjPCix4AaABAg,Neutral,0.0
UgxqR2B4vns4_nNKe9N4AaABAg,Positive,1.0
UgxqdKFaZeJYxAT3Yk94AaABAg,Positive,1.0
UgxqkAp21xJZDVZIoKt4AaABAg,Positive,1.0
UgxqvtXhNocL_rjHaTB4AaABAg,Negative,-1.0
Ugxr2AlVkUdXqTbc-494AaABAg,Not applicable,
UgxrB3ovdKHE7GJ4Wzl4AaABAg,Neutral,0.0
UgxrH71q0DcRbhKeUz54AaABAg,Positive,1.0
UgxrcPS67FDgnFRb3qR4AaABAg,Positive,1.0
UgxrepE2PXTQJO0YZud4AaABAg,Positive,1.0
UgxrjYxrC1b8X6Ln9oh4AaABAg,Positive,1.0
Ugxru7usE3GFnfFOKPV4AaABAg,Positive,1.0
UgxrztdyCS63eVKB5ch4AaABAg,Neutral,0.0
UgxsAVQhm2RowCOIwAN4AaABAg,Neutral,0.0
UgxsDiRZftthx0Q33Gh4AaABAg,Positive,1.0
UgxsU64X9_8rbc5B8vx4AaABAg,Neutral,0.0
UgxsV065uzMrgKULuHB4AaABAg,Positive,1.0
UgxsVcTKdjbcsMFbuQ14AaABAg,Positive,1.0
Ugxt8yrlIkA1DMZ21o54AaABAg,Positive,1.0
UgxtQoz1O13coyaM1vZ4AaABAg,Positive,1.0
UgxtUotzlUzX1zXW96F4AaABAg,Neutral,0.0
UgxtY75-fWxKyk8R8F54AaABAg,Neutral,0.0
UgxtYI2Tn4dE3NlTR0p4AaABAg,Positive,1.0
UgxtnkrWvXCTzChiQeh4AaABAg,Positive,1.0
UgxuNKUmMQCagK8bX7V4AaABAg,Neutral,0.0
UgxuPRPf97Oek45XqaN4AaABAg,Positive,1.0
UgxuhYlYCYz9YI-Jj1t4AaABAg,Positive,1.0
UgxuuOZLt20NDUXlqw94AaABAg,Neutral,0.0
UgxuzHAoGLBRgA_mSQ54AaABAg,Positive,1.0
Ugxv6lA3lSnQswVtE3t4AaABAg,Positive,1.0
UgxvIMwYr7wl9eXUHqd4AaABAg,Neutral,0.0
Ugxvhe74UYQYu_I6As94AaABAg,Neutral,0.0
UgxvtDJAKFkcFkZxv4J4AaABAg,Positive,1.0
Ugxw-8j0PudICGHS28d4AaABAg,Neutral,0.0
Ugxw-o2cOnCF50sUeWp4AaABAg,Neutral,0.0
Ugxw1rhh7rfoXQ7_OE14AaABAg,Positive,1.0
UgxwIFAZKwuGJZu7cI14AaABAg,Neutral,0.0
UgxwPpIGmNUjnIsyqSV4AaABAg,Neutral,0.0
UgxwSz9mEwYRpBLeFwt4AaABAg,Positive,1.0
UgxwVN_4F8h_75WOdQV4AaABAg,Not applicable,
UgxwbEJ9b6Y_BtV2SVV4AaABAg,Neutral,0.0
UgxwbgeIedXoo0vMhfN4AaABAg,Positive,1.0
UgxwewChUMhxhQlW0V54AaABAg,Positive,1.0
Ugxx8ssEt-UW3B3N4XV4AaABAg,Neutral,0.0
UgxxU6jz6kngfzOljZd4AaABAg,Positive,1.0
UgxxX0nAq0LmVR32GNh4AaABAg,Not applicable,
Ugxx_befTu1bpqtylM54AaABAg,Positive,1.0
Ugxxp4geAN9jXrbJkfd4AaABAg,Negative,-1.0
UgxxqebsmXsd_5YwwWh4AaABAg,Positive,1.0
Ugxxqj41jnqPy0O3h854AaABAg,Negative,-1.0
Ugxy2UozbrwXmRf-fAl4AaABAg,Neutral,0.0
Ugxy5thEsVAJa871kxV4AaABAg,Negative,-1.0
Ugxy7N7ixvBVj22vOoF4AaABAg,Positive,1.0
UgxyKJ1QhAVKUgqu4ih4AaABAg,Not applicable,
Ugxya4ZXWoVti2srLPN4AaABAg,Neutral,0.0
UgxybXNITuShGavYphF4AaABAg,Negative,-1.0
Ugxyd9FZJZ4hyvLDAQB4AaABAg,Neutral,0.0
Ugxyjz69pzfp8IGkkid4AaABAg,Neutral,0.0
Ugxyk0eMS51OEo-AfQp4AaABAg,Negative,-1.0
UgxyoyET2BdNxjd68dd4AaABAg,Neutral,0.0
Ugxyv_pxrga9fvzpZnN4AaABAg,Positive,1.0
UgxzLsN59f9M5uvYs294AaABAg,Neutral,0.0
UgxzQ1DNTHfwh9EL5aN4AaABAg,Negative,-1.0
UgxzXbJX9qoqqhj9QAR4AaABAg,Neutral,0.0
UgxzoqoXPw9rzHnjnX94AaABAg,Positive,1.0
Ugxzq3MDElzr1zzuL9l4AaABAg,Positive,1.0
Ugy-2sprjJrjmrvzApF4AaABAg,Neutral,0.0
Ugy-i0y4sSMhfgo9jpp4AaABAg,Neutral,0.0
Ugy-zoziOR8zWiuUnUV4AaABAg,Positive,1.0
Ugy00uv5J26iZxMr56R4AaABAg,Neutral,0.0
Ugy0S8tnyME97QU-_3V4AaABAg,Neutral,0.0
Ugy0SR75ZMRhyfBdH6h4AaABAg,Positive,1.0
Ugy0qHBahc_4bwZe1VR4AaABAg,Neutral,0.0
Ugy1D4jGDOFhiDlvuQN4AaABAg,Neutral,0.0
Ugy1WeqPh9tfmMStO0Z4AaABAg,Positive,1.0
Ugy1Ywo9IpvhSglX0EJ4AaABAg,Neutral,0.0
Ugy1ct76DvN7QY3L_zN4AaABAg,Neutral,0.0
Ugy1jZPq8p9F9zD6zGZ4AaABAg,Neutral,0.0
Ugy1jmkHVmrhFOP7EFd4AaABAg,Neutral,0.0
Ugy1rO2di8lmSqHUxvR4AaABAg,Negative,-1.0
Ugy29uyLUWrpWTjKzN14AaABAg,Positive,1.0
Ugy2EZ3J6Dd0cbgCNAZ4AaABAg,Neutral,0.0
Ugy2Oyy9Y_uS1TLh9I94AaABAg,Neutral,0.0
Ugy2Tdo_-7v3PTwtJS14AaABAg,Negative,-1.0
Ugy2XpPL2Tuui4JgrDl4AaABAg,Positive,1.0
Ugy2eb7utcfHJlQ8AgB4AaABAg,Positive,1.0
Ugy2m1148Lq6oUEfL7h4AaABAg,Positive,1.0
Ugy2p2YOUZxBphE3iG54AaABAg,Neutral,0.0
Ugy2uPXoUm3oWgFKzwB4AaABAg,Positive,1.0
Ugy3CFezmPXzWdU3qmx4AaABAg,Positive,1.0
Ugy3U2Xa1FuRIfyNRU54AaABAg,Positive,1.0
Ugy3tn6eLTPDWlmG0kJ4AaABAg,Neutral,0.0
Ugy3v04xaVO-YuUKRhl4AaABAg,Neutral,0.0
Ugy3ylV0dxsiD2NtPhR4AaABAg,Neutral,0.0
Ugy3zmiLOFcCR1D8zaV4AaABAg,Neutral,0.0
Ugy44Z_gmIj4FbRZAT54AaABAg,Positive,1.0
Ugy4BNBCVwfmSegtowd4AaABAg,Negative,-1.0
Ugy4TZ9f4OXtZ7wr7t14AaABAg,Neutral,0.0
Ugy4V-q8rrdxHbH7A0R4AaABAg,Positive,1.0
Ugy4qwe8yRm-HRphuIt4AaABAg,Positive,1.0
Ugy4x3JqExdcDOGDvcV4AaABAg,Neutral,0.0
Ugy57_XRuyu6yx18eeV4AaABAg,Neutral,0.0
Ugy5c5dvwCFir-bKW-h4AaABAg,Neutral,0.0
Ugy5eMGACkyZBtrM7h94AaABAg,Neutral,0.0
Ugy5fTeHWTkR32_skz94AaABAg,Positive,1.0
Ugy5hyPMMa9KiGwUOA94AaABAg,Positive,1.0
Ugy5wkkKCP3JeSbB6-x4AaABAg,Positive,1.0
Ugy62cXoRv7YKgFy7dJ4AaABAg,Neutral,0.0
Ugy62zcMTTlur-YF2vV4AaABAg,Neutral,0.0
Ugy7Buqj94E2_gzfFOt4AaABAg,Neutral,0.0
Ugy7Qm3bzA1pRkJ8RUp4AaABAg,Positive,1.0
Ugy7llKC6YGZeoEuLv14AaABAg,Neutral,0.0
Ugy7sjIZg74s3elaJTl4AaABAg,Positive,1.0
Ugy86TY-mbRxbdoGoO94AaABAg,Positive,1.0
Ugy8DePctQSJzBh0Xid4AaABAg,Positive,1.0
Ugy8P-hvO3v6nRC-pnh4AaABAg,Positive,1.0
Ugy8R210Jpk264pWtEN4AaABAg,Positive,1.0
Ugy8TCHxx7HvjEn4gid4AaABAg,Positive,1.0
Ugy8TLw2Y1KOSRWLBxR4AaABAg,Neutral,0.0
Ugy8VYG2f7hY0FjxCPF4AaABAg,Neutral,0.0
Ugy8de50Cajc0LfdpOZ4AaABAg,Negative,-1.0
Ugy8j8-Ob7Yl6MMGu4t4AaABAg,Positive,1.0
Ugy8ne-Di6hlD_ACrBF4AaABAg,Positive,1.0
Ugy8vBrsPSHAWFsyUUR4AaABAg,Negative,-1.0
Ugy91PKmROzRikAzGoF4AaABAg,Negative,-1.0
Ugy95-8T5VMdvzJEsAd4AaABAg,Neutral,0.0
Ugy9KXLp7mQPSoMCFt94AaABAg,Positive,1.0
Ugy9P-Sn6TrjB6IRhRd4AaABAg,Negative,-1.0
Ugy9SczSFU1K3Le4ksZ4AaABAg,Not applicable,
Ugy9l5bGL7vQHLY2W2p4AaABAg,Neutral,0.0
UgyA5_a7v20RBT3DE6Z4AaABAg,Positive,1.0
UgyAGqamzT9r6MoTvpF4AaABAg,Neutral,0.0
UgyAKZ6Qxqx9djWOGk54AaABAg,Negative,-1.0
UgyAd1ywWwvhz0qsOmN4AaABAg,Negative,-1.0
UgyAdkcUhg7DoH1DzGx4AaABAg,Negative,-1.0
UgyBJHVcPif8p0CTnyh4AaABAg,Positive,1.0
UgyBQKuuPG3Di2H8x794AaABAg,Positive,1.0
UgyBbahenN6diWJUffx4AaABAg,Positive,1.0
UgyBfHgEZpglDEvIhIx4AaABAg,Positive,1.0
UgyBkqRmA5Wwjmx9E3l4AaABAg,Positive,1.0
UgyBtqY9-C9MMFtp3ht4AaABAg,Positive,1.0
UgyC2Q_lnHec9vFYE0B4AaABAg,Neutral,0.0
UgyC8WdjXNzYqLLmCsV4AaABAg,Positive,1.0
UgyC9X0aFSSMBmfMWA94AaABAg,Positive,1.0
UgyC_5ZXcTJ36rUAggN4AaABAg,Neutral,0.0
UgyCcEv-3mr2hkZ2tKV4AaABAg,Neutral,0.0
UgyCqZkd5t1B9BiWn4l4AaABAg,Positive,1.0
UgyD9Qz7lr2XxKZy3ip4AaABAg,Neutral,0.0
UgyDKqzfgMcj7cLxT454AaABAg,Neutral,0.0
UgyDMLbw_7sinif5ZkF4AaABAg,Positive,1.0
UgyDXKApFdI-pWoc5ih4AaABAg,Positive,1.0
UgyDbhkR9ORCmJGGOgd4AaABAg,Neutral,0.0
UgyDg4iLr0KkZAGt6it4AaABAg,Not applicable,
UgyDkGO7bqPFZOjdp_R4AaABAg,Neutral,0.0
UgyDkbXON-iD6JQAzop4AaABAg,Neutral,0.0
UgyDo_LzLjV9Nnj9EYp4AaABAg,Positive,1.0
UgyE94ANxxzWgPCG2Dx4AaABAg,Not applicable,
UgyECS0X2OV8Yi9sB_p4AaABAg,Neutral,0.0
UgyEOwNwVHPhMYVSMbl4AaABAg,Neutral,0.0
UgyETIzwXOTkdRd-hzh4AaABAg,Negative,-1.0
UgyE_WGHmlCsFkqD_Rp4AaABAg,Positive,1.0
UgyEa_aJZid7JN8TO7h4AaABAg,Positive,1.0
UgyElC23F1emWDqrEeV4AaABAg,Negative,-1.0
UgyFBGZaX4sEtczIqBx4AaABAg,Neutral,0.0
UgyFDsPLvBboPvn39oV4AaABAg,Negative,-1.0
UgyFPIdBQ8exEsVYJnJ4AaABAg,Neutral,0.0
UgyFeGk_4H5Owg6cyLV4AaABAg,Neutral,0.0
UgyFobMRUe8gatB5nuR4AaABAg,Positive,1.0
UgyG2XGC-m_yWhhbm7V4AaABAg,Not applicable,
UgyG9qBYmXukUBqaiVN4AaABAg,Neutral,0.0
UgyGcW2fUScQWmELpN54AaABAg,Neutral,0.0
UgyGqKeL2z8InjjIs3N4AaABAg,Neutral,0.0
UgyGyG0MLoNBOlEEk514AaABAg,Positive,1.0
UgyHHETLAjtAbHFrwDF4AaABAg,Neutral,0.0
UgyHIgdfUB17VoITl-x4AaABAg,Neutral,0.0
UgyHTzhggev-zTSfIId4AaABAg,Positive,1.0
UgyHV-P72w4OjELXoQF4AaABAg,Positive,1.0
UgyHjIaxegCbKN2lmYB4AaABAg,Neutral,0.0
UgyI46n-373qKXDwg9p4AaABAg,Neutral,0.0
UgyIWQG03F-6jQdCeLJ4AaABAg,Positive,1.0
UgyIj3U5xTGpvMnpf4x4AaABAg,Neutral,0.0
UgyItxGhbQBcsoQcr3Z4AaABAg,Positive,1.0
UgyJoGiWS7IBD6Xv4xB4AaABAg,Negative,-1.0
UgyJsFiDgxt8bj7EK814AaABAg,Positive,1.0
UgyKbeMg-GVoXxSEutJ4AaABAg,Positive,1.0
UgyKhBxBrxfDCrVHR9V4AaABAg,Not applicable,
UgyKiWkUg9oyX4i2wIh4AaABAg,Neutral,0.0
UgyKlJv2M7gU2qSW2BJ4AaABAg,Positive,1.0
UgyKuHX7Nj8vpBVPkal4AaABAg,Neutral,0.0
UgyKwLwLFOweCIViucp4AaABAg,Neutral,0.0
UgyL1aJwxAEUWx5iVSt4AaABAg,Positive,1.0
UgyL2xOTgx6mow04MPh4AaABAg,Negative,-1.0
UgyLTNRL-MiZJ6kxvLN4AaABAg,Positive,1.0
UgyMDTrG5OBBQdyVOqh4AaABAg,Positive,1.0
UgyMKiWBWkS65lOT6NF4AaABAg,Neutral,0.0
UgyMKqiuWqnehv12AHV4AaABAg,Negative,-1.0
UgyMN9OhLX1xbX9LzQ14AaABAg,Neutral,0.0
UgyMTEkysmC_ah5XtTB4AaABAg,Neutral,0.0
UgyMcJabAylT4o7Iak14AaABAg,Positive,1.0
UgyNHE1q7NYicc4MOip4AaABAg,Positive,1.0
UgyN_5QAhH_npYOlc7h4AaABAg,Neutral,0.0
UgyNb626W6bsgxhFwjN4AaABAg,Positive,1.0
UgyNfPXD02JBGO5NWx14AaABAg,Negative,-1.0
UgyNfy-etO01yu-baBh4AaABAg,Positive,1.0
UgyNk06dbICJIAGT7C14AaABAg,Positive,1.0
UgyNq4CiBA7mA61mlyF4AaABAg,Positive,1.0
UgyNvng-zulMxNw1sXt4AaABAg,Neutral,0.0
UgyNwgs-jB1te2qb81d4AaABAg,Neutral,0.0
UgyO833nTY3JRC89urV4AaABAg,Negative,-1.0
UgyODs1Q4TVcgcyJ98F4AaABAg,Positive,1.0
UgyOM4Btt9_u6AhMoHV4AaABAg,Positive,1.0
UgyOWs9LFKeIXOSlHAt4AaABAg,Positive,1.0
UgyOffgaLnpHxLMSA7p4AaABAg,Neutral,0.0
UgyOr-hio324V7BtkEl4AaABAg,Neutral,0.0
UgyOzWvNE-ZqNONJ-Lt4AaABAg,Positive,1.0
UgyP5u9pLKOw6it39xp4AaABAg,Neutral,0.0
UgyPFJ0f5Dms1QwyjF14AaABAg,Positive,1.0
UgyPT-_O5WQmlVsmJDN4AaABAg,Neutral,0.0
UgyP_fKV5WKIumFPH2Z4AaABAg,Neutral,0.0
UgyPeY0RR5ZzUE53I6R4AaABAg,Neutral,0.0
UgyQ92Xm-p7gWbDZYSx4AaABAg,Positive,1.0
UgyQGgLtjA7adEEjuhR4AaABAg,Positive,1.0
UgyQcDNJYolb-rZp6wp4AaABAg,Positive,1.0
UgyQf4wHJoBRE08JguF4AaABAg,Positive,1.0
UgyQtEXuRrCmoKHaqIh4AaABAg,Positive,1.0
UgyQwq3m6azF1ZXc-oZ4AaABAg,Not applicable,
UgyR-HgLaBtr5pDMZVl4AaABAg,Neutral,0.0
UgyR7DfExmH8XKdTMnp4AaABAg,Neutral,0.0
UgyRzm303F01iE6R5qV4AaABAg,Positive,1.0
UgySFMSddzTA_Peng7F4AaABAg,Positive,1.0
UgySMNQJgJXIZmTJl8B4AaABAg,Neutral,0.0
UgySiEj1HjR8t43QMoV4AaABAg,Positive,1.0
UgySp2VqYeQZ16lKycF4AaABAg,Not applicable,
UgySwUuElnbVOA9vnXJ4AaABAg,Neutral,0.0
UgySzIJctk6kIrDBWEt4AaABAg,Neutral,0.0
UgyT1STwGVYbq0eKE114AaABAg,Positive,1.0
UgyT67U_9cAvaHaEWvx4AaABAg,Positive,1.0
UgyTEE1fKeWgtuZkJvR4AaABAg,Positive,1.0
UgyTTWowOFhhdrVAT1F4AaABAg,Positive,1.0
UgyTaDrJYUn-OqYipYx4AaABAg,Negative,-1.0
UgyTootY3ozIk5E_1_h4AaABAg,Neutral,0.0
UgyTs83g6GcNN3GK5914AaABAg,Positive,1.0
UgyU5geRQpWzwOIaoV54AaABAg,Not applicable,
UgyU7KWChzvmAwHfoHF4AaABAg,Neutral,0.0
UgyUHFQau3lXYGphvdl4AaABAg,Positive,1.0
UgyUb86rn9QYhYHimrh4AaABAg,Not applicable,
UgyUz4T2p0-ssmfiIp54AaABAg,Positive,1.0
UgyV8hJRL9d-Nj_YXp54AaABAg,Positive,1.0
UgyVW3gou5x0mKv5PbB4AaABAg,Positive,1.0
UgyVWLWyfONvM_Ek0G54AaABAg,Neutral,0.0
UgyVY-KHGTfIm6DzVsZ4AaABAg,Negative,-1.0
UgyVkDYEIpjG9yur78N4AaABAg,Neutral,0.0
UgyVrze2jVCir1_WnVl4AaABAg,Positive,1.0
UgyWCVmw7A-e9YVy-d14AaABAg,Negative,-1.0
UgyWRZzA5nDoU_gQ4Q14AaABAg,Positive,1.0
UgyW_s19dZZLxbGJ8aN4AaABAg,Neutral,0.0
UgyWt77AcUh-MFHk9sp4AaABAg,Not applicable,
UgyWxZeA0Iua9NYfD7x4AaABAg,Neutral,0.0
UgyX2D98qIRK3eTVJil4AaABAg,Neutral,0.0
UgyXSIvb8M2VOoMLJEJ4AaABAg,Negative,-1.0
UgyXWx2a27vu1UhWtJx4AaABAg,Neutral,0.0
UgyXh4YwUef4y9Ak6kN4AaABAg,Positive,1.0
UgyXupLnvmxherhi5414AaABAg,Negative,-1.0
UgyY0aPSefOI3hhLM314AaABAg,Positive,1.0
UgyY18r6myN08SZfp4J4AaABAg,Positive,1.0
UgyY6rsQRDm2Kqf-aRd4AaABAg,Neutral,0.0
UgyYRGr4aZvurmdMonp4AaABAg,Neutral,0.0
UgyY_wBSDvzp7ditDN54AaABAg,Neutral,0.0
UgyYokE6c1qJkTAmC5J4AaABAg,Negative,-1.0
UgyYw6f6g-I7WJMyVfl4AaABAg,Negative,-1.0
UgyZ7lHUZDhW90I9GqB4AaABAg,Positive,1.0
UgyZTB8iio0khjKnmSZ4AaABAg,Positive,1.0
UgyZTLdqE0Nr8wif87V4AaABAg,Positive,1.0
Ugy_6HhGtTGyRcADd694AaABAg,Positive,1.0
Ugy_AjSeddySV8RWFhJ4AaABAg,Neutral,0.0
Ugy_dh-T7sferpaQDHZ4AaABAg,Positive,1.0
Ugy_geqWnlv5Fd1sdWt4AaABAg,Not applicable,
UgyaKJS1myupRdgJ5lN4AaABAg,Neutral,0.0
UgyaPHh4W6vKOb0w4M14AaABAg,Neutral,0.0
Ugya_HZkRnPD0hlhMOZ4AaABAg,Neutral,0.0
UgyabW-S3aMefu6bF3p4AaABAg,Not applicable,
UgybLvT_gAQqlE84kOp4AaABAg,Positive,1.0
UgybR_5tja9yku_7OQZ4AaABAg,Positive,1.0
Ugyc64JH7BKkSfPACeF4AaABAg,Not applicable,
Ugyc6uYes2J4x5ypWJN4AaABAg,Positive,1.0
UgycjLWnSIXP_kynvfB4AaABAg,Positive,1.0
Ugycn6whQuDy6QGJv2V4AaABAg,Positive,1.0
UgycoNpR-JSHMJs5yqF4AaABAg,Positive,1.0
UgycpDC_z2-XwhVzDbp4AaABAg,Positive,1.0
UgydA0j61MPFa1dPEF94AaABAg,Neutral,0.0
UgydVotGZ96-HUZCXlN4AaABAg,Not applicable,
UgydgCgLBr8AAqID0kd4AaABAg,Negative,-1.0
Ugydn1tpRJpHzNaImmp4AaABAg,Positive,1.0
Ugyed8iWIDiMbLiaqnR4AaABAg,Positive,1.0
Ugyf1U75dQFJyCUW3Yh4AaABAg,Neutral,0.0
Ugyf2-2dUQjJLfj06K94AaABAg,Positive,1.0
UgyfBc1eYo2mYYxDvkR4AaABAg,Positive,1.0
UgyfKeLYlvp0v-Ce_S14AaABAg,Positive,1.0
UgyfP4-yijEpAG0DuoN4AaABAg,Positive,1.0
UgyfPGMyFkuaXyGLsRF4AaABAg,Negative,-1.0
UgyfSjR89BrpYBoS6F14AaABAg,Not applicable,
UgyfYG1MzjjTPf02AZV4AaABAg,Negative,-1.0
Ugyfft9VBOfOtjn3jCh4AaABAg,Positive,1.0
UgyfminSa043CVUPac94AaABAg,Neutral,0.0
Ugyfwi9d2mL7q016pxh4AaABAg,Neutral,0.0
UgygJXG9DYy6429Dhy14AaABAg,Neutral,0.0
UgygUxq-wfnpgJTBECV4AaABAg,Positive,1.0
Ugygl4U5emUhVrbgIB14AaABAg,Neutral,0.0
UgygvV-ywDn8Fvt5Nu54AaABAg,Positive,1.0
UgygwIfTtQYcyE7ajE14AaABAg,Neutral,0.0
Ugyh0fq2ZVZnz5iNNwV4AaABAg,Neutral,0.0
UgyhcOP4eT-OR7wZZbd4AaABAg,Positive,1.0
UgyhrpDJA13V7RMmnY54AaABAg,Neutral,0.0
UgyhuU-IOUOP6SClptt4AaABAg,Positive,1.0
UgyiF_8olxxfh-hOoW54AaABAg,Not applicable,
UgyjAqJTXkhWmNpbxDp4AaABAg,Neutral,0.0
UgyjGxNjieZWt4-OZz54AaABAg,Negative,-1.0
UgyjIEMeLFq2uK2WCWN4AaABAg,Positive,1.0
UgyjbWuYvsQNqUTb82d4AaABAg,Negative,-1.0
Ugyjd7rTXxGESt4o0vh4AaABAg,Positive,1.0
UgyjgUsOTmaNIPCshlZ4AaABAg,Neutral,0.0
Ugyjgwdv6XKkHM9Xj6N4AaABAg,Positive,1.0
Ugyjifgu4PPxiLNRs8l4AaABAg,Positive,1.0
Ugyjt4eXBE15cXqpUF54AaABAg,Neutral,0.0
Ugyk7KK-JovcMvW5W-54AaABAg,Neutral,0.0
UgykM3Et5AbOZZovgih4AaABAg,Positive,1.0
UgykSfJ9-rU5qdWkVwJ4AaABAg,Positive,1.0
UgykWKPyLTqPPZ5ME4R4AaABAg,Positive,1.0
UgykWnZRwYF1DTGGRoh4AaABAg,Neutral,0.0
UgykkJ2jThkjdblMl0x4AaABAg,Negative,-1.0
UgylCSKeSMAH-Iiyjut4AaABAg,Positive,1.0
UgylSVbGYfidnUUde-54AaABAg,Neutral,0.0
UgylbfVbzRq3CW4XU494AaABAg,Neutral,0.0
UgylkZmBC2INlyIDJRp4AaABAg,Positive,1.0
UgylonY03vEXH9fo61l4AaABAg,Neutral,0.0
Ugylpknrkygaayu2pFN4AaABAg,Negative,-1.0
UgylqjPgve8Ac3_RRzF4AaABAg,Neutral,0.0
UgylysI552UnDOpcrcV4AaABAg,Neutral,0.0
Ugym7tNGDEG5OOMelT54AaABAg,Positive,1.0
UgymopxtxhxGooi6XA54AaABAg,Negative,-1.0
Ugyn4ka7fr1w96wlkJN4AaABAg,Negative,-1.0
Ugyn9jJZPuY1ChTjPFR4AaABAg,Positive,1.0
UgynQCau94-5EKjM7Gx4AaABAg,Negative,-1.0
UgynSR9IsE48j1ZgXR94AaABAg,Neutral,0.0
UgynYAKJsA6NbNZs00x4AaABAg,Positive,1.0
UgynnCbmtO7tfAY11Jp4AaABAg,Positive,1.0
Ugyno76yUO3AeC9csRN4AaABAg,Positive,1.0
UgyoWLvoXP8OPH6A53d4AaABAg,Positive,1.0
UgypI55a2F2n5WSvJF54AaABAg,Neutral,0.0
UgypOSzVzEoCXQWIRVB4AaABAg,Positive,1.0
UgypRoGAePjzHw-em8Z4AaABAg,Neutral,0.0
Ugyp_cyGTKFAtwEDKv14AaABAg,Positive,1.0
UgyphJdGqsXvqzw7TTp4AaABAg,Neutral,0.0
UgypwD2hWxk1AZjI_Gl4AaABAg,Positive,1.0
Ugypx8Dq3UvV8IQ4LR14AaABAg,Positive,1.0
UgypzAty1aaKLq1Fhul4AaABAg,Neutral,0.0
Ugyq-i2vr4t2Ls9dYa94AaABAg,Positive,1.0
Ugyq8PHWw2KcicfvOqF4AaABAg,Positive,1.0
UgyqL2xFlySytSI_IBx4AaABAg,Neutral,0.0
UgyqN3Uvi6mKf9wQ7sV4AaABAg,Positive,1.0
UgyqOa8qXtTkAex551t4AaABAg,Positive,1.0
UgyqY1vhmhRycDy1kyB4AaABAg,Positive,1.0
UgyqbRTIS3dJ98Wc4C94AaABAg,Neutral,0.0
UgyqbUgHK56dd6mLhrB4AaABAg,Negative,-1.0
UgyqdCBUvnz7kr41ImV4AaABAg,Positive,1.0
UgyqjjVb3bJZXl5ARvl4AaABAg,Neutral,0.0
UgyqqmL8YOyabpHm0eJ4AaABAg,Positive,1.0
UgyqrAZ79esZQPqxANd4AaABAg,Positive,1.0
UgyqrTg1mqvJ8tYiy6d4AaABAg,Neutral,0.0
Ugyr45Q21z-BM0SAWx94AaABAg,Positive,1.0
Ugyr9Sc0zlvubKZtloB4AaABAg,Positive,1.0
UgyrDpsenXga8ZwSD-p4AaABAg,Neutral,0.0
UgyrFv880NgjS4b5f4B4AaABAg,Negative,-1.0
UgyrQ7vgmK1T_CRFlIh4AaABAg,Neutral,0.0
Ugyr_QphZ0OZJYSvtdZ4AaABAg,Not applicable,
UgyrglJ5IjMK4xJaCQp4AaABAg,Positive,1.0
UgyrpRlt7gDlc_SvRPN4AaABAg,Positive,1.0
Ugyru7ItVnvauO8WbQR4AaABAg,Negative,-1.0
UgysNk4yWZExIjFdoep4AaABAg,Positive,1.0
UgysRr-SIeDsYu_34Ep4AaABAg,Neutral,0.0
UgysVjCRW1m0-hnMT4d4AaABAg,Positive,1.0
UgysgBnoJMmbf1FVJYZ4AaABAg,Positive,1.0
UgytEZpx1PaJfGs7ZXZ4AaABAg,Positive,1.0
UgytEcgHfC245UdMDaF4AaABAg,Neutral,0.0
UgytL4g2wZx2mwiTKuV4AaABAg,Positive,1.0
UgytrUcqG5-b7LrnW8d4AaABAg,Not applicable,
Ugyu73ovmNsoUH8XNe54AaABAg,Positive,1.0
Ugyu7_UVqZfrUpXM9Gp4AaABAg,Neutral,0.0
UgyusRR6I7lZamPFG8Z4AaABAg,Neutral,0.0
UgyvdP-c_GbJZEkoHTx4AaABAg,Positive,1.0
UgyveeH3Sh8GzlJcUNN4AaABAg,Positive,1.0
Ugyvi3vbqUmBv8L7BDZ4AaABAg,Negative,-1.0
Ugyvj9fZg-yWiGKgACN4AaABAg,Neutral,0.0
UgyvnieGWbTxqiW2Ugh4AaABAg,Positive,1.0
UgyvqUv__3ziiJo-Vk54AaABAg,Positive,1.0
UgyvxSacelYrILTIGDd4AaABAg,Positive,1.0
Ugyvzop-aVYrmfwZE4Z4AaABAg,Not applicable,
Ugyw-HV2Dm4yBzTby7V4AaABAg,Neutral,0.0
Ugyw1nLh5jDvcnSaiRV4AaABAg,Positive,1.0
Ugyw7Mbq8wfy9F_PYqZ4AaABAg,Neutral,0.0
UgywATWluXI-DXAcy2h4AaABAg,Positive,1.0
UgywC47Lw02gtBbIiKB4AaABAg,Positive,1.0
UgywIfvHHkydv-VIF6d4AaABAg,Negative,-1.0
UgywQCPTMNhDhMth8054AaABAg,Negative,-1.0
UgywjORUAkYdOl-zWQ94AaABAg,Positive,1.0
Ugywnw78s96YZz2XVx54AaABAg,Neutral,0.0
Ugywq22mE_ze7Yu-7Rx4AaABAg,Positive,1.0
UgywrtDmrgln4zgMLTJ4AaABAg,Neutral,0.0
Ugywv7Vcb76uouvGf9x4AaABAg,Neutral,0.0
Ugyx_eO4HpZETfrO-6d4AaABAg,Neutral,0.0
UgyxqLIN_hqWyJSYtjd4AaABAg,Negative,-1.0
UgyxwymW-iq1lntRG2Z4AaABAg,Neutral,0.0
UgyyVVNki_tUzYZl0CR4AaABAg,Neutral,0.0
UgyyWzl4qiS_ctINZjp4AaABAg,Neutral,0.0
Ugyyb3G2rX7k7t7UQop4AaABAg,Neutral,0.0
Ugyydo9XElJ5hkeSh4d4AaABAg,Neutral,0.0
Ugyz3OsuNPM5Kkyenfh4AaABAg,Positive,1.0
UgyzObjfJXvzTdQXa4V4AaABAg,Positive,1.0
UgyzQQuLKttuTBiE6oB4AaABAg,Positive,1.0
UgyzbXxmAuGP30DdPtJ4AaABAg,Negative,-1.0
UgyzgkbYwnTbky3Lvgp4AaABAg,Neutral,0.0
UgyzrcnkI663BEIqxGl4AaABAg,Neutral,0.0
Ugz--SIri3SBKW-POKR4AaABAg,Neutral,0.0
Ugz-Azjl6CPRtH0JXeV4AaABAg,Neutral,0.0
Ugz-G1NnLqzxPZ--0GF4AaABAg,Not applicable,
Ugz-YAvwfk7V4p7K_b14AaABAg,Positive,1.0
Ugz-k5-r4XV49a1hsp94AaABAg,Positive,1.0
Ugz0CCZaPnaYmyNmwLl4AaABAg,Positive,1.0
Ugz0I_yaDmPrOarhwZ54AaABAg,Negative,-1.0
Ugz0X7SpIX6ziaT80Op4AaABAg,Positive,1.0
Ugz0k1my_GFzMWudI-R4AaABAg,Positive,1.0
Ugz11BOfPSyvv3sVTlF4AaABAg,Neutral,0.0
Ugz1565M4hoEhjv03cN4AaABAg,Positive,1.0
Ugz1EbDAF7P6qiiW7S54AaABAg,Positive,1.0
Ugz1L1TTnokqT1__wx94AaABAg,Neutral,0.0
Ugz1jQs6369MlnlhuU14AaABAg,Positive,1.0
Ugz1rv0OJDEC-D8Ff2F4AaABAg,Not applicable,
Ugz20QV-WEnuGeJHdFt4AaABAg,Positive,1.0
Ugz23qONPKItsz7TjRx4AaABAg,Positive,1.0
Ugz2DF9bSDX51TI2UBh4AaABAg,Not applicable,
Ugz2EtEGRy0SwKKDl394AaABAg,Neutral,0.0
Ugz2dZhygQAINwieXeN4AaABAg,Neutral,0.0
Ugz2eGj3ikATBmWdMEl4AaABAg,Neutral,0.0
Ugz2hFRpLkUv76k41nB4AaABAg,Neutral,0.0
Ugz2vEom7EXcCzia6Yh4AaABAg,Negative,-1.0
Ugz2vu-zF0g05ruhxU14AaABAg,Negative,-1.0
Ugz3CFQaBecN1tOejzF4AaABAg,Positive,1.0
Ugz3EyK6GNj1oR0QqfV4AaABAg,Neutral,0.0
Ugz3Ia5xr05nILZxnRp4AaABAg,Positive,1.0
Ugz3Ztgg1XS9yHx80Nt4AaABAg,Positive,1.0
Ugz3ecEuIT2f6PN3fE14AaABAg,Neutral,0.0
Ugz3kjBUr2mOqy04S0h4AaABAg,Negative,-1.0
Ugz3o8_BqdjhFxUV3CF4AaABAg,Negative,-1.0
Ugz41VS8fVbhUmzoTeN4AaABAg,Not applicable,
Ugz4B1U4Ko93QS1sjil4AaABAg,Negative,-1.0
Ugz4CLaJRzblC36Ots14AaABAg,Positive,1.0
Ugz4JvjG91JyAPpmSIZ4AaABAg,Positive,1.0
Ugz4hwCdr9R7fvfyljB4AaABAg,Neutral,0.0
Ugz4kPkg-KUAH19FPct4AaABAg,Positive,1.0
Ugz4sdVhHP6j4lqmG2J4AaABAg,Not applicable,
Ugz5JLoYE7zR15y0Xbp4AaABAg,Positive,1.0
Ugz5gMBz_zasSBH9oUZ4AaABAg,Neutral,0.0
Ugz5kgLW4_zUmhrQoRh4AaABAg,Negative,-1.0
Ugz5l2PLB450TR7eUa54AaABAg,Not applicable,
Ugz5uFcAlCOuD1jZ3ah4AaABAg,Positive,1.0
Ugz6HnMszFHIS-qgBcx4AaABAg,Neutral,0.0
Ugz6PxtbgROR_-0slKp4AaABAg,Positive,1.0
Ugz6zo1F5m2WmHTduuJ4AaABAg,Positive,1.0
Ugz7VlB7-_HABqII-YJ4AaABAg,Negative,-1.0
Ugz7om7y_rEvSLFia2F4AaABAg,Positive,1.0
Ugz7riVFIj1-R21KYsl4AaABAg,Positive,1.0
Ugz7un3tQtFFiqnzhKF4AaABAg,Neutral,0.0
Ugz839ngO6A9OrmbC7J4AaABAg,Negative,-1.0
Ugz8CxCcgrjTtNJAWE54AaABAg,Neutral,0.0
Ugz8JWsnj1tiDQ6rra94AaABAg,Positive,1.0
Ugz8fxXmhm7dM1S_K5V4AaABAg,Not applicable,
Ugz8lVbnwJSh0LHV_DF4AaABAg,Neutral,0.0
Ugz8pUfZiVdPTtGgEeh4AaABAg,Neutral,0.0
Ugz98ZHsmAVteh6xKVJ4AaABAg,Neutral,0.0
Ugz9BMZi4EpdaiJXTkd4AaABAg,Positive,1.0
Ugz9rlFAZF4YxxFWCzN4AaABAg,Positive,1.0
UgzA6z4rL1t6_xpTmrB4AaABAg,Negative,-1.0
UgzAFVogpZ1kpI-ygDd4AaABAg,Neutral,0.0
UgzAQOKI9Zyzt68kE3B4AaABAg,Positive,1.0
UgzAcLRd2yCIBDQtdtF4AaABAg,Negative,-1.0
UgzAfHTjFE_ws6tHsL54AaABAg,Positive,1.0
UgzAghaQqeGEg4jhuER4AaABAg,Neutral,0.0
UgzAhf3-Exky5ezNDIZ4AaABAg,Neutral,0.0
UgzAvzIwFdyrfMD-Nr94AaABAg,Positive,1.0
UgzB218czCqCBev4cK14AaABAg,Neutral,0.0
UgzBCCSlFrJSjmMmQqN4AaABAg,Positive,1.0
UgzBQ3nOCfyHau3v6GV4AaABAg,Positive,1.0
UgzBXsVUYAKml3ybE514AaABAg,Negative,-1.0
UgzBxXRSWMpg1Bo50k54AaABAg,Not applicable,
UgzCHNysclLgkNU0sZV4AaABAg,Positive,1.0
UgzCKsVgMDWPsV8Kq3d4AaABAg,Positive,1.0
UgzCQ7I8mzWVWyiraVh4AaABAg,Positive,1.0
UgzCvGvvwi0v02pHUcV4AaABAg,Neutral,0.0
UgzD7_Cm6dmqTcTecJV4AaABAg,Neutral,0.0
UgzDPx8ZUl8K3jMIMgV4AaABAg,Positive,1.0
UgzDs1GldhL799fT1AB4AaABAg,Positive,1.0
UgzDuMF8RuOmqKCWIVJ4AaABAg,Positive,1.0
UgzE-DRUH_JRNBFDi354AaABAg,Negative,-1.0
UgzEMI4TAk86M2rTc7V4AaABAg,Negative,-1.0
UgzEMJVHQx1fWJyqcXF4AaABAg,Positive,1.0
UgzENN2DgBzcn7V5oN14AaABAg,Neutral,0.0
UgzENq9Lap7RjCnxgGF4AaABAg,Positive,1.0
UgzF2YSICqntjg9KRKV4AaABAg,Neutral,0.0
UgzFFDswRb_w8geozQd4AaABAg,Neutral,0.0
UgzFabkZXwhF-yxm6514AaABAg,Positive,1.0
UgzFdz_e9LQj9X4S8td4AaABAg,Not applicable,
UgzFjMAca4eZD_6gqIF4AaABAg,Positive,1.0
UgzFlxVNkzivNZT5I1d4AaABAg,Negative,-1.0
UgzFmKSWjCb5l5xGZIB4AaABAg,Neutral,0.0
UgzFoLI-iZxvqi-Qmvx4AaABAg,Neutral,0.0
UgzFpHI7PF5ikH8FvNB4AaABAg,Not applicable,
UgzFtY_SZetv5UKIBlV4AaABAg,Negative,-1.0
UgzG0xt8Haqq2tH2HDl4AaABAg,Positive,1.0
UgzGG9hate6MHqsi1MB4AaABAg,Positive,1.0
UgzGMcKnAq3kl29rZ-x4AaABAg,Neutral,0.0
UgzGOopDOlEnxZONvEZ4AaABAg,Neutral,0.0
UgzGgepRbodXc1pNduh4AaABAg,Positive,1.0
UgzGvUUKn7PZteVjmwV4AaABAg,Positive,1.0
UgzGwnC0aIcHNeJyOTR4AaABAg,Negative,-1.0
UgzHFOHjCE4PG22us6h4AaABAg,Neutral,0.0
UgzHFZ__VIpMCjHENll4AaABAg,Neutral,0.0
UgzHgWT4q5iI9wunNV14AaABAg,Positive,1.0
UgzHztBVZC87uNyP8dp4AaABAg,Positive,1.0
UgzIBJIEJ2R9uciREG54AaABAg,Positive,1.0
UgzIIxpU42h1b4NPrUh4AaABAg,Positive,1.0
UgzIMkthKkrWpwcaqsd4AaABAg,Positive,1.0
UgzISggSDEZrsgTDFHN4AaABAg,Neutral,0.0
UgzIkF2Dxm_9m3wv9WR4AaABAg,Not applicable,
UgzIo1LAcFwFOuFW7Qx4AaABAg,Positive,1.0
UgzJ3qtmQmxfbKcJ5tx4AaABAg,Positive,1.0
UgzJ56lElEQEWnGTB6B4AaABAg,Positive,1.0
UgzJD0wUaDR3XpcYkph4AaABAg,Positive,1.0
UgzJDxOlsjE9ig_Lrl54AaABAg,Neutral,0.0
UgzJNZgbv-pR0zJbkhR4AaABAg,Negative,-1.0
UgzJi9GOKJ4BbU316nd4AaABAg,Not applicable,
UgzJiPNBl3fa8oWphkx4AaABAg,Neutral,0.0
UgzJvWKLZRkuXv4rhoF4AaABAg,Neutral,0.0
UgzJvWYwobKflaNpORJ4AaABAg,Neutral,0.0
UgzK38Ef_qHBuPmkypV4AaABAg,Neutral,0.0
UgzK93p6_ntBjm7ZcKN4AaABAg,Neutral,0.0
UgzKFNTaYtR_7oti42N4AaABAg,Negative,-1.0
UgzKWynACs4wsTkTMJF4AaABAg,Positive,1.0
UgzKdLXOaFdoLUsdo6N4AaABAg,Neutral,0.0
UgzKj3KfuDmuokQCyPF4AaABAg,Neutral,0.0
UgzLXYPQEmVS-KDYYH94AaABAg,Neutral,0.0
UgzMF9eh6tHvUaTczPp4AaABAg,Positive,1.0
UgzMPyfKU5yZabqTGrB4AaABAg,Negative,-1.0
UgzMbFlHMVmSADc_45x4AaABAg,Neutral,0.0
UgzMhYPz7lNF4oUoSVB4AaABAg,Positive,1.0
UgzMlgxS94pD8sgLftR4AaABAg,Neutral,0.0
UgzN4l8sGFX90V6nyKx4AaABAg,Neutral,0.0
UgzN8pMxQGsXapJIexx4AaABAg,Positive,1.0
UgzNDjTOOaPF7xHI5bh4AaABAg,Not applicable,
UgzNEtCFdsuNbar7tE14AaABAg,Positive,1.0
UgzN_sujrHPr25GYoEp4AaABAg,Positive,1.0
UgzNeeCvWjnPi6KzpCt4AaABAg,Not applicable,
UgzNlrk9aG56pd_hZAd4AaABAg,Neutral,0.0
UgzNmpCUgyOj6L87GyZ4AaABAg,Neutral,0.0
UgzNq2WHY6TMCGuU8i54AaABAg,Positive,1.0
UgzNqutPal6jqkXjR5d4AaABAg,Neutral,0.0
UgzNthEmZNUe0BwvIIl4AaABAg,Positive,1.0
UgzODzc4JQgkfGTVf7l4AaABAg,Negative,-1.0
UgzOMrM80FlMetHUFuV4AaABAg,Neutral,0.0
UgzOjsL67_g7PPZQsCh4AaABAg,Positive,1.0
UgzOkP15xfqmnXxilxB4AaABAg,Positive,1.0
UgzOzeiCez2KvYgtr-l4AaABAg,Positive,1.0
UgzPZHXMwoAKfd7P7154AaABAg,Positive,1.0
UgzPfMRD_Ko82y56iTt4AaABAg,Not applicable,
UgzPrRKVVTDvFDHdzex4AaABAg,Neutral,0.0
UgzPrSp2flgielHlpw54AaABAg,Positive,1.0
UgzQ0H9NtIqXzHP_L054AaABAg,Positive,1.0
UgzQwWZVW5LYhL7U7pR4AaABAg,Neutral,0.0
UgzRJjUiESX_HfF57WJ4AaABAg,Positive,1.0
UgzRwn1H2dVjrVEUk9N4AaABAg,Neutral,0.0
UgzS3TuN0Q_bAeYgs5V4AaABAg,Negative,-1.0
UgzS6gcgJRbabx-bi3J4AaABAg,Positive,1.0
UgzSPLFiTp4hhuMinzp4AaABAg,Not applicable,
UgzSZOfUt9lV11sm7_F4AaABAg,Negative,-1.0
UgzSeqpQTCTyfeEKr7x4AaABAg,Neutral,0.0
UgzSwp436-7uxGf4Swx4AaABAg,Positive,1.0
UgzT7IpduNDFmETnq-l4AaABAg,Positive,1.0
UgzT8nRFqArEPwTlPjZ4AaABAg,Negative,-1.0
UgzTA-BB2Zr_Hqv3OhN4AaABAg,Neutral,0.0
UgzTjMVIXQARBBN_C4V4AaABAg,Negative,-1.0
UgzUHNsMLyyXaDbFJ_J4AaABAg,Neutral,0.0
UgzU_H8Fg4NRV7MYgot4AaABAg,Positive,1.0
UgzUub-saYFHLGEjVax4AaABAg,Positive,1.0
UgzV28HrNy6egL4iFwh4AaABAg,Positive,1.0
UgzV2jmHmgraDcWO8S54AaABAg,Positive,1.0
UgzV6jGxssdhcuLkXzR4AaABAg,Neutral,0.0
UgzV8tCq8Dq33CT2TH54AaABAg,Neutral,0.0
UgzVBBWpHi0MFQmiM794AaABAg,Negative,-1.0
UgzVORM2n73C0wnaPi14AaABAg,Positive,1.0
UgzVwTzZfY2LBDDhNxx4AaABAg,Neutral,0.0
UgzW--7QwTZKIvt3mld4AaABAg,Positive,1.0
UgzWAfZkD3JnFdKrPkJ4AaABAg,Neutral,0.0
UgzWHkhpNgUk3mCdE8t4AaABAg,Neutral,0.0
UgzWJL9nf7dQcaj7xmx4AaABAg,Neutral,0.0
UgzWr6-lX8OLJS5BQ-R4AaABAg,Neutral,0.0
UgzWsOHS9Ky_Eu2g8td4AaABAg,Positive,1.0
UgzX72Lawhw7uOLs-i14AaABAg,Neutral,0.0
UgzXKdczOk5KzcJ62914AaABAg,Positive,1.0
UgzXQP6k_jo907fN5rZ4AaABAg,Neutral,0.0
UgzXU-vj6kdtY_Y8Vrl4AaABAg,Not applicable,
UgzXbSRgRuYpDC8kAsp4AaABAg,Positive,1.0
UgzXiCqtiaHVxogUOLZ4AaABAg,Positive,1.0
UgzXrWDCeNZV19pl6t54AaABAg,Neutral,0.0
UgzYL80Ta2voKDQmuXN4AaABAg,Neutral,0.0
UgzYM2KgfpUUClBklzd4AaABAg,Neutral,0.0
UgzYShS9_xQXVqdkBEt4AaABAg,Neutral,0.0
UgzYSo_IZFg2I6FJ6gZ4AaABAg,Neutral,0.0
UgzYyFLGtMSfEDSPI854AaABAg,Not applicable,
UgzYyFpeiWz_wyOQxoF4AaABAg,Neutral,0.0
UgzZ2CoqI6s99tGnEhN4AaABAg,Neutral,0.0
UgzZ6dlPElTzQ3qZEdl4AaABAg,Positive,1.0
UgzZCOZ54nWOY3eIL7N4AaABAg,Positive,1.0
UgzZDgIf_NMXWJvm3FJ4AaABAg,Positive,1.0
UgzZOL5x_4F5vGB4yJ54AaABAg,Neutral,0.0
UgzZR5t8f-hQqMJ2q_d4AaABAg,Positive,1.0
UgzZbi3Pp0g-Ko5jZCl4AaABAg,Positive,1.0
UgzZj4VLF7S6RxHfseB4AaABAg,Neutral,0.0
Ugz_0piJo83yAotcH2R4AaABAg,Not applicable,
Ugz__8UakG6GPsNXCUp4AaABAg,Neutral,0.0
Ugz_aCvcq1sDQ1GvJDV4AaABAg,Neutral,0.0
Ugz_posUa_cDew_l7uh4AaABAg,Positive,1.0
Ugz_wP0S8jj1q6HsdVx4AaABAg,Neutral,0.0
UgzaF8stLKltLLrDh1l4AaABAg,Neutral,0.0
UgzaeC7LRBG-_QBvqdp4AaABAg,Neutral,0.0
UgzarVkpZm0ebA3Ywkp4AaABAg,Positive,1.0
UgzasI2dcAdn4DoXFqx4AaABAg,Negative,-1.0
Ugzb1H5R9exY6o9JqMN4AaABAg,Neutral,0.0
Ugzb8dv3iTlOLUJxVwl4AaABAg,Positive,1.0
UgzbPnsn7CmmlRryjex4AaABAg,Neutral,0.0
UgzbPxli4kKVfWyJx7Z4AaABAg,Neutral,0.0
UgzbWZhjLGdPyUP_L114AaABAg,Negative,-1.0
Ugzbn6DlQv_799UHuJZ4AaABAg,Neutral,0.0
Ugzbw8JCKR18_Wac1dF4AaABAg,Positive,1.0
UgzbwAdDkt83XV3kEDl4AaABAg,Positive,1.0
Ugzc2rlhn357wGiFxx54AaABAg,Negative,-1.0
Ugzc4SS-HR9OE4WW2354AaABAg,Positive,1.0
UgzcHT17ZRw5KCdgNrN4AaABAg,Positive,1.0
UgzcIyGpEkju_RR4WlR4AaABAg,Positive,1.0
UgzcaOAh4zEIhkagAcN4AaABAg,Neutral,0.0
UgzccyrBlEDWuVGpOvZ4AaABAg,Positive,1.0
Ugzd3Xo2XoLltxOUQiB4AaABAg,Positive,1.0
UgzdEdfadgYBVPoCWsd4AaABAg,Negative,-1.0
UgzdIdOSSXRqCjKWVz54AaABAg,Positive,1.0
UgzdPxPgo6gz8f_44ut4AaABAg,Positive,1.0
Ugzdcg-1twADFRIM-eR4AaABAg,Positive,1.0
UgzdqLeHx0sqiP6bdSx4AaABAg,Neutral,0.0
UgzduTDeCcpka7m7CTd4AaABAg,Neutral,0.0
Ugze3rOXphofjt1Kj994AaABAg,Neutral,0.0
Ugze8B1H40Lhxb5zudp4AaABAg,Negative,-1.0
UgzeD5ZxWb_2XxJ3VGR4AaABAg,Neutral,0.0
UgzeUZbMaLRZzsj0AEt4AaABAg,Positive,1.0
UgzebKP8DGoI25MHzJ14AaABAg,Neutral,0.0
UgzemgQhvhzi7hJjE2d4AaABAg,Positive,1.0
Ugzf-0uJ9eFwoETqdq14AaABAg,Neutral,0.0
Ugzf-uQvZ5zHRZ5qkkx4AaABAg,Negative,-1.0
Ugzf2BhKb5rqRD5qrkl4AaABAg,Positive,1.0
Ugzf3x6zbMmaLCHo9cZ4AaABAg,Negative,-1.0
Ugzf7e6dMXATzSEahL94AaABAg,Positive,1.0
UgzfDt4g0xn3v-m-4HR4AaABAg,Neutral,0.0
UgzfGnp_mF4t0zo-qYp4AaABAg,Neutral,0.0
UgzfSBoL5d4W42MmT9p4AaABAg,Positive,1.0
UgzfWbQuhDD_Mq4vOsd4AaABAg,Negative,-1.0
UgzfXw4ggVVYMyR6BQp4AaABAg,Neutral,0.0
UgzfmmYtmttXWdXf2eN4AaABAg,Positive,1.0
UgzgF33li_8F6Y46hGV4AaABAg,Negative,-1.0
UgzgH6Vi29hA1U2Ko594AaABAg,Neutral,0.0
UgzgknO64wEVhm7mqO94AaABAg,Not applicable,
UgzhHOJQwInk6FSUNO14AaABAg,Positive,1.0
UgzhKJynPy-CL9EUXXN4AaABAg,Positive,1.0
UgzhL21gQoGjAXbIQPd4AaABAg,Neutral,0.0
UgzhW2QxdMTKf3J24sB4AaABAg,Neutral,0.0
UgzhXyS-W0HW-vcxqh94AaABAg,Positive,1.0
Ugzi7htVdK74g0Tx0v94AaABAg,Positive,1.0
UgziRQccU5y_aLIUI6t4AaABAg,Positive,1.0
UgziVSvh6nSwCjG32jZ4AaABAg,Positive,1.0
UgzilzRssGTqokFqY114AaABAg,Positive,1.0
UgzitTJ4k3tUIaJjJzJ4AaABAg,Positive,1.0
UgzixBp1JMqjYuRkTcR4AaABAg,Neutral,0.0
UgzjHyJXAvkfVduGR1p4AaABAg,Positive,1.0
UgzjPQGpmEl7eUJWxhp4AaABAg,Neutral,0.0
Ugzk5ZtvHvqU5YcOto14AaABAg,Positive,1.0
UgzlRIwjUlqA5i09xYN4AaABAg,Neutral,0.0
UgzlYkq7i6ia_aQX5714AaABAg,Neutral,0.0
Ugzlx0O3bVFoK_hrTgZ4AaABAg,Negative,-1.0
Ugzm1Sg_kMpSvHl1fGV4AaABAg,Positive,1.0
Ugzm2VxAN1A2Ux_prMd4AaABAg,Negative,-1.0
UgzmhxWcMejrbM2F8jR4AaABAg,Negative,-1.0
UgzmsYDTw61Xiu11VAt4AaABAg,Negative,-1.0
Ugzn6JvwOcDUJZNuRYd4AaABAg,Neutral,0.0
Ugzn7woIAS5wO7LvUfJ4AaABAg,Neutral,0.0
UgznBILUMCFSRNsZbhx4AaABAg,Positive,1.0
UgznQzetU9OTJBA5-7R4AaABAg,Negative,-1.0
UgznecM5MbikjMXOugZ4AaABAg,Positive,1.0
Ugzo2-Xrbl0EOdhSY9x4AaABAg,Neutral,0.0
UgzoB8gZ8obN-v2aNf54AaABAg,Neutral,0.0
UgzoEzkS-xUlRhGLIE14AaABAg,Positive,1.0
UgzoODCt1-WLXmrBshF4AaABAg,Neutral,0.0
UgzoPKvdalgTqWZUnnJ4AaABAg,Positive,1.0
UgzoVJYBhcVPuewKiNJ4AaABAg,Positive,1.0
Ugzoe53xsGdt76LicVx4AaABAg,Not applicable,
UgzoqoSKZ6vAa1SMbEV4AaABAg,Neutral,0.0
Ugzp-MHljGiNIBWTUi14AaABAg,Positive,1.0
Ugzp7-VFU7GM_d66uyp4AaABAg,Positive,1.0
UgzpETgD4ssT0UbULOp4AaABAg,Negative,-1.0
UgzpO9WNnZGvJ5MUCyB4AaABAg,Negative,-1.0
Ugzp_Cb3hHY_RUPMq8Z4AaABAg,Negative,-1.0
UgzpiNc8B38Zz1Z07aZ4AaABAg,Neutral,0.0
UgzpkCEAe-uakmVSd_94AaABAg,Positive,1.0
Ugzq-Lgjtx2l0lVeIQV4AaABAg,Positive,1.0
Ugzq3HMACBlgJ9_pawp4AaABAg,Positive,1.0
Ugzq5L1ehgsvNe0R-VB4AaABAg,Positive,1.0
UgzqEWyUzyg9LVV0Oz94AaABAg,Positive,1.0
Ugzq_I7D71TzyjbIvvt4AaABAg,Neutral,0.0
UgzqbMcUhhBMFcaIAJt4AaABAg,Positive,1.0
UgzqqJgtzadiMClh3rp4AaABAg,Positive,1.0
Ugzqt-aGlGCJ7vERKlN4AaABAg,Positive,1.0
UgzrIg_Ej5CAjkJaf_V4AaABAg,Negative,-1.0
UgzrKsAtpCpN1Z2eBUh4AaABAg,Neutral,0.0
UgzrW9tmK9WngA_4xPJ4AaABAg,Not applicable,
UgzrsGJU8Dm78N4iiSF4AaABAg,Neutral,0.0
UgzrxuLAfk0FuCIjMkB4AaABAg,Neutral,0.0
Ugzrz6ggWoA-NDecGt14AaABAg,Positive,1.0
UgzrzfqddH5M-6U4OcF4AaABAg,Positive,1.0
UgzsZ_uDiGsEhOnAxz14AaABAg,Positive,1.0
Ugzsc0j3_b74oULHNM14AaABAg,Negative,-1.0
UgzsgxKNMz5J4_xMyMB4AaABAg,Neutral,0.0
Ugzsn1zItrLlqkYoTvB4AaABAg,Neutral,0.0
UgzssZ4axsE673ZMWfh4AaABAg,Positive,1.0
UgzsxEUM3-DRIal4iWh4AaABAg,Neutral,0.0
Ugzt8Y241dPkg8h48lV4AaABAg,Positive,1.0
Ugzt9ju7x3eD9StA1mh4AaABAg,Positive,1.0
UgztOZBfHVmpQOU5BGZ4AaABAg,Positive,1.0
UgzttjqxPCJU35itbrZ4AaABAg,Neutral,0.0
UgztwEuP17DbIWoJZMt4AaABAg,Neutral,0.0
Ugzu0O8dldnMTfpZCkJ4AaABAg,Neutral,0.0
Ugzu6yicFJ_FkHXlruh4AaABAg,Neutral,0.0
UgzuGIav4wYM0GUV1z14AaABAg,Positive,1.0
UgzuHdvhWqSSz2zwG6B4AaABAg,Neutral,0.0
UgzuYcsep800DugwtPR4AaABAg,Neutral,0.0
UgzvAsBJtjCf6uDzsLJ4AaABAg,Positive,1.0
Ugzvc34QX2Nqa4rGBG94AaABAg,Neutral,0.0
UgzvcTSCEy-GB7cczMJ4AaABAg,Neutral,0.0
UgzvtNP79IIvFUoAzJ14AaABAg,Positive,1.0
UgzwGBLyfnm4q6iGY7p4AaABAg,Neutral,0.0
UgzwGaRtHbtxpDhalrJ4AaABAg,Positive,1.0
UgzwRFXIvg4-9E3g7BR4AaABAg,Neutral,0.0
UgzwUibS86k0AS7sejF4AaABAg,Positive,1.0
Ugzwbu4QQaoJAIvMTH14AaABAg,Positive,1.0
UgzwlG07A3GY54v1htR4AaABAg,Neutral,0.0
UgzwpdRerrIIazbzMMl4AaABAg,Negative,-1.0
UgzwpkGWU1QydKPVd7B4AaABAg,Positive,1.0
Ugzxn4JLrrR7FzMZFpt4AaABAg,Neutral,0.0
UgzxvCVKhlqX7ybO3_F4AaABAg,Negative,-1.0
Ugzy3kJfyzFlz3HkX1V4AaABAg,Neutral,0.0
UgzyZ7D5fxylXzEXNiF4AaABAg,Neutral,0.0
Ugzy_yd3l3n9y2Hwe614AaABAg,Not applicable,
UgzykZLXoQqqns3qtJh4AaABAg,Neutral,0.0
UgzzDY1kR89sqyZ1Xld4AaABAg,Positive,1.0
UgzzUWZfOfAkmx7kZyF4AaABAg,Positive,1.0
UgzzXx146xbzDqOWE1d4AaABAg,Positive,1.0
UgzziCPNFWYrDnuGkl14AaABAg,Positive,1.0
UgzzoDpImDGNwm8Upg54AaABAg,Neutral,0.0
UgzzusK2IrhU8nMrxOx4AaABAg,Not applicable,
