,channelId,network,videoId,videoTitle,publishTime
0,UCx-KWLTKlB83hDI6UKECtJQ,hbo,_zUMrdXxJJA,"Love, Lizzo | Official Trailer | HBO Max",2022-11-10T17:17:31Z
1,UCx-KWLTKlB83hDI6UKECtJQ,hbo,DotnJ7tTA34,House of the Dragon | Official Trailer | HBO Max,2022-07-20T17:00:16Z
2,UCx-KWLTKlB83hDI6UKECtJQ,hbo,Gtl-6RCOl84,The Fallout | Official Trailer | HBO Max,2022-01-18T17:00:28Z
3,UCx-KWLTKlB83hDI6UKECtJQ,hbo,-ojckacr9EA,GARCIA! | Official Trailer | HBO MAX,2022-10-25T16:01:20Z
4,UCx-KWLTKlB83hDI6UKECtJQ,hbo,l3oWrNQo_Ng,Tokyo Vice | Official Trailer | HBO Max,2022-03-14T16:00:17Z
5,UCx-KWLTKlB83hDI6UKECtJQ,hbo,OaQvsFIB4Uw,"What Happened, Brittany Murphy? | Official Trailer | HBO Max",2021-10-07T17:00:12Z
6,UCx-KWLTKlB83hDI6UKECtJQ,hbo,oHqfe3LcOOE,Moonshot | Official Trailer | HBO Max,2022-03-10T17:00:37Z
7,UCx-KWLTKlB83hDI6UKECtJQ,hbo,TftAFQflBy8,The Staircase | Official Trailer | HBO Max,2022-04-21T17:00:08Z
8,UCx-KWLTKlB83hDI6UKECtJQ,hbo,vM-Bja2Gy04,Zack Snyder&#39;s Justice League | Official Trailer | HBO Max,2021-02-14T15:15:16Z
9,UCx-KWLTKlB83hDI6UKECtJQ,hbo,OP_WC5oOCe8,The Flight Attendant | Official Trailer | HBOMax,2020-10-20T17:12:24Z
10,UCx-KWLTKlB83hDI6UKECtJQ,hbo,UTc5I86to_8,Minx | Official Trailer | HBO Max,2022-03-03T20:00:30Z
11,UCx-KWLTKlB83hDI6UKECtJQ,hbo,Iwm0IO-NFRM,Father of the Bride | Official Trailer | HBO Max,2022-05-09T15:00:12Z
12,UCx-KWLTKlB83hDI6UKECtJQ,hbo,9j_StJNMtu0,The Tourist | Official Trailer | HBO Max,2022-02-10T16:59:46Z
13,UCx-KWLTKlB83hDI6UKECtJQ,hbo,_Gr2zXuEBL0,KIMI | Official Trailer | HBO Max,2022-01-11T17:00:34Z
14,UCx-KWLTKlB83hDI6UKECtJQ,hbo,WHXq62VCaCM,Peacemaker | Official Trailer | HBO Max,2021-12-03T14:00:31Z
15,UCx-KWLTKlB83hDI6UKECtJQ,hbo,VeAdKmTDsxQ,Paradise | Official Trailer | HBO Max,2021-10-14T16:56:09Z
16,UCx-KWLTKlB83hDI6UKECtJQ,hbo,e0snO6g1tdY,A Christmas Story Christmas | Official Trailer | HBO Max,2022-11-01T16:00:18Z
17,UCx-KWLTKlB83hDI6UKECtJQ,hbo,fFGS4zZWGoA,Harry Potter 20th Anniversary: Return to Hogwarts | Official Trailer | HBO Max,2021-12-20T16:01:07Z
18,UCx-KWLTKlB83hDI6UKECtJQ,hbo,lvWgNSLIULw,Made For Love | Official Trailer | HBO Max,2021-03-22T21:03:48Z
19,UCx-KWLTKlB83hDI6UKECtJQ,hbo,FEchWX525Es,Unpregnant | Official Trailer | HBO Max,2020-09-25T21:36:26Z
20,UCx-KWLTKlB83hDI6UKECtJQ,hbo,nAg6RTQEfeM,Raised by Wolves | Official Trailer | HBO Max,2020-08-05T17:30:06Z
21,UCx-KWLTKlB83hDI6UKECtJQ,hbo,JIThBMSABTo,The Matrix Resurrections | Official Trailer | HBO Max,2021-09-09T13:00:09Z
22,UCx-KWLTKlB83hDI6UKECtJQ,hbo,a8M3GttfDn8,The Dog House: UK | Official Trailer | HBO Max,2020-07-15T16:07:14Z
23,UCx-KWLTKlB83hDI6UKECtJQ,hbo,nPcyeDstbdk,Marlon Wayans Presents: The Headliners | Official Trailer | HBO Max,2022-04-11T17:00:05Z
24,UCx-KWLTKlB83hDI6UKECtJQ,hbo,zRpHyvuJ__A,Wahl Street | Official Trailer | HBO Max,2021-03-29T17:00:08Z
25,UCx-KWLTKlB83hDI6UKECtJQ,hbo,ooCxmWjhca8,Equal | Official Trailer | HBO Max,2020-09-22T19:12:08Z
26,UCx-KWLTKlB83hDI6UKECtJQ,hbo,oZQ8wJXPZvI,Search Party Seasons 1 + 2 | Official Trailer | HBO Max,2020-05-20T14:00:22Z
27,UCx-KWLTKlB83hDI6UKECtJQ,hbo,RHq0c7TZBH0,The Way Down Part 2 | Official Trailer | HBO Max,2022-04-12T16:00:44Z
28,UCx-KWLTKlB83hDI6UKECtJQ,hbo,wiQSsrQCG6c,"The Way Down: God, Greed and the Cult of Gwen Shamblin | Official Trailer | HBO Max",2021-09-23T20:30:13Z
29,UCx-KWLTKlB83hDI6UKECtJQ,hbo,Fqlz8QsNHC8,I Hate Suzie | Official Trailer | HBO Max,2020-11-16T17:00:15Z
30,UCx-KWLTKlB83hDI6UKECtJQ,hbo,zutsDNxPJ8M,Arthur&#39;s Law | Official Trailer | HBO Max,2021-01-04T18:38:16Z
31,UCx-KWLTKlB83hDI6UKECtJQ,hbo,zpUTDuGIddQ,Expecting Amy | Official Trailer | HBO Max,2020-06-24T17:00:35Z
32,UCx-KWLTKlB83hDI6UKECtJQ,hbo,azNDOKOsQro,House of Ho | Official Trailer | HBO Max,2020-11-25T18:30:08Z
33,UCx-KWLTKlB83hDI6UKECtJQ,hbo,aadqaw6vy24,Para: We Are King | Official Trailer | HBO Max,2021-10-20T16:16:23Z
34,UCx-KWLTKlB83hDI6UKECtJQ,hbo,t3aDufvQh_c,Two Weeks to Live | Official Trailer | HBO Max,2020-10-28T17:06:13Z
35,UCx-KWLTKlB83hDI6UKECtJQ,hbo,90eBBlt5-rc,"If I Can&#39;t Have Love, I Want Power | Official Trailer | HBO Max",2021-10-07T22:00:04Z
36,UCx-KWLTKlB83hDI6UKECtJQ,hbo,BaBbd_P--JM,Bren√© Brown: Atlas of the Heart | Official Trailer | HBO Max,2022-03-09T18:00:15Z
37,UCx-KWLTKlB83hDI6UKECtJQ,hbo,FoKpTx5JPfA,Eyes On the Prize: Hallowed Ground (2021) | Official Trailer | HBO Max,2021-08-13T17:03:26Z
38,UCx-KWLTKlB83hDI6UKECtJQ,hbo,m-1dyJFwNQw,Single Mother By Choice | Official Trailer | HBO Max,2021-10-19T19:41:37Z
39,UCx-KWLTKlB83hDI6UKECtJQ,hbo,z6LCD7nyD0s,Dune | Official Trailer | HBO Max,2021-07-22T13:00:21Z
40,UCx-KWLTKlB83hDI6UKECtJQ,hbo,a45Xj7tfm8E,The Little Things | Official Trailer | HBO Max,2021-01-11T19:00:05Z
41,UCx-KWLTKlB83hDI6UKECtJQ,hbo,awztG587ghI,Chelsea Handler: Evolution | Official Trailer | HBO Max,2020-10-07T16:00:08Z
42,UCx-KWLTKlB83hDI6UKECtJQ,hbo,HzQCOcZkKJ8,Godzilla vs. Kong | Official Trailer | HBO Max,2021-01-24T17:52:39Z
43,UCx-KWLTKlB83hDI6UKECtJQ,hbo,fuNcrRMkwtQ,The Immortal (L&#39;Immortale) | Official Trailer | HBO Max,2021-07-15T20:02:14Z
44,UCx-KWLTKlB83hDI6UKECtJQ,hbo,ij1Xg2CIXtI,The Fastest Woman On Earth | Official Trailer | HBO Max,2022-10-10T17:00:41Z
45,UCx-KWLTKlB83hDI6UKECtJQ,hbo,pvm7gpkx8MI,"My Mom, Your Dad | Official Trailer | HBO Max",2022-01-07T19:00:14Z
46,UCx-KWLTKlB83hDI6UKECtJQ,hbo,clk2ClBOGTM,The Witches | Official Trailer | HBOMax,2020-10-02T14:00:03Z
47,UCx-KWLTKlB83hDI6UKECtJQ,hbo,TfNwbYxMUrI,The Suicide Squad | Official &quot;Rain&quot; Trailer | HBO Max,2021-06-22T19:03:25Z
48,UCx-KWLTKlB83hDI6UKECtJQ,hbo,xgTpwPEggdg,King Richard | Official &quot;Be Alive&quot; Trailer | HBO Max,2021-10-21T16:00:37Z
49,UCx-KWLTKlB83hDI6UKECtJQ,hbo,_9-oBrENwdQ,The Event | Official Trailer | HBO Max,2021-01-08T19:00:17Z
50,UCx-KWLTKlB83hDI6UKECtJQ,hbo,iang9SWVmdI,Jett | Official Trailer | HBO Max,2021-07-09T19:00:26Z
51,UCx-KWLTKlB83hDI6UKECtJQ,hbo,mepeWor5JPk,Locked Down | Official Trailer | HBO Max,2021-01-05T17:00:42Z
52,UCx-KWLTKlB83hDI6UKECtJQ,hbo,QeoeTRm4Xes,Degrassi: The Next Generation | Official Trailer | HBO Max,2022-03-09T17:00:10Z
53,UCx-KWLTKlB83hDI6UKECtJQ,hbo,8f0P6iEHOrY,Tenet | Official Trailer | HBO Max,2021-03-20T18:00:03Z
54,UCx-KWLTKlB83hDI6UKECtJQ,hbo,qiEp_hDqnrE,Adventure Time: Distant Lands ‚Äì Wizard City | Official Trailer | HBO Max,2021-09-17T00:00:29Z
55,UCx-KWLTKlB83hDI6UKECtJQ,hbo,xFE8ASwxmpA,Our Flag Means Death | Official Trailer | HBO Max,2022-02-16T17:00:22Z
56,UCx-KWLTKlB83hDI6UKECtJQ,hbo,EmySj8SqfCI,On the Spectrum | Official Trailer | HBO Max,2021-04-02T20:44:14Z
57,UCx-KWLTKlB83hDI6UKECtJQ,hbo,dGqUKFKksxQ,Cry Macho | Official Trailer | HBO Max,2021-08-05T22:00:24Z
58,UCx-KWLTKlB83hDI6UKECtJQ,hbo,UbtNbtWqrx4,That Damn Michael Che | Official Trailer | HBO Max,2021-04-27T16:30:46Z
59,UCx-KWLTKlB83hDI6UKECtJQ,hbo,mqg48h_uKYM,Class Action Park | Official Trailer | HBO Max,2020-08-19T17:22:50Z
60,UCx-KWLTKlB83hDI6UKECtJQ,hbo,Bd5K84MOv6Y,The Bridge | Official Trailer | HBO Max,2021-02-08T17:01:07Z
61,UCx-KWLTKlB83hDI6UKECtJQ,hbo,bvHy_X8U7ng,"Phoebe Robinson: Sorry, Harriet Tubman | Official Trailer | HBO Max",2021-09-28T14:00:39Z
62,UCx-KWLTKlB83hDI6UKECtJQ,hbo,qzk43SX9vxg,Batman: The Audio Adventures | Official Trailer | HBO Max,2021-09-13T16:00:32Z
63,UCx-KWLTKlB83hDI6UKECtJQ,hbo,K71Uv4K9YA8,King Richard | Official Trailer | HBO Max,2021-07-28T16:30:02Z
64,UCx-KWLTKlB83hDI6UKECtJQ,hbo,6PNSk7M-vGU,Juan Luis Guerra: Entre Mar y Palmeras | Official Trailer | HBO Max,2021-05-13T15:59:30Z
65,UCx-KWLTKlB83hDI6UKECtJQ,hbo,vTk3nLrW-sc,Those Who Wish Me Dead | Official Trailer | HBO Max,2021-04-07T13:00:16Z
66,UCx-KWLTKlB83hDI6UKECtJQ,hbo,cDcs6N44Aok,Not So Pretty | Official Trailer | HBO Max,2022-04-07T18:00:28Z
67,UCx-KWLTKlB83hDI6UKECtJQ,hbo,QhETTDojWIQ,Comedy Chingonas | Official Trailer | HBO Max,2021-11-19T22:00:08Z
68,UCx-KWLTKlB83hDI6UKECtJQ,hbo,vSiYvKJEcU8,The Price of Freedom | Official Trailer | HBOMax,2021-10-13T21:06:41Z
69,UCx-KWLTKlB83hDI6UKECtJQ,hbo,6ckqcB8-apM,Through Our Eyes | Official Trailer | HBO Max,2021-07-15T17:02:00Z
70,UCx-KWLTKlB83hDI6UKECtJQ,hbo,2c88uLr9whE,Beth Stelling: Girl Daddy | Official Trailer | HBO Max,2020-08-12T23:21:01Z
71,UCx-KWLTKlB83hDI6UKECtJQ,hbo,FupF0lEXpsg,South Park Superheroes | Unofficial Trailer | HBO Max,2020-07-22T19:20:34Z
72,UCx-KWLTKlB83hDI6UKECtJQ,hbo,PZBacZqwbCA,Julia | Official Trailer | HBO Max,2022-03-01T17:00:14Z
73,UCx-KWLTKlB83hDI6UKECtJQ,hbo,GWZGRNSKkgo,Take Out with Lisa Ling | Official Trailer | HBO Max,2022-01-13T17:59:24Z
74,UCx-KWLTKlB83hDI6UKECtJQ,hbo,G-MiwCdWMCE,Singletown | Official Trailer | HBO Max,2020-08-13T18:00:10Z
75,UCx-KWLTKlB83hDI6UKECtJQ,hbo,MBPzxmxf9ig,All That Glitters | Official Trailer | HBO Max,2021-06-22T20:12:31Z
76,UCx-KWLTKlB83hDI6UKECtJQ,hbo,3jL7u5BznRo,Lucy The Human Chimp | Official Trailer | HBO Max,2021-04-07T16:00:05Z
77,UCx-KWLTKlB83hDI6UKECtJQ,hbo,FoV9jCTpjyo,The Big Shot With Bethenny | Official Trailer | HBO Max,2021-04-21T17:13:11Z
78,UCx-KWLTKlB83hDI6UKECtJQ,hbo,fVy8uODSPiQ,12 Dates of Christmas | Official Trailer | HBO Max,2020-11-12T20:01:02Z
79,UCx-KWLTKlB83hDI6UKECtJQ,hbo,4vZqO7luLUs,Romeo Santos: King of Bachata | Official Trailer | HBO Max,2021-07-23T23:12:46Z
80,UCx-KWLTKlB83hDI6UKECtJQ,hbo,oAp5MUg1BhQ,Stylish with Jenna Lyons | Official Trailer | HBO Max,2020-11-18T16:01:18Z
81,UCx-KWLTKlB83hDI6UKECtJQ,hbo,wRHRJMf6lJE,Ravi Patel‚Äôs Pursuit of Happiness | Official Trailer | HBO Max,2020-08-19T21:27:14Z
82,UCx-KWLTKlB83hDI6UKECtJQ,hbo,ycI3odQwhE4,Space Jam: A New Legacy | Official Trailer | HBO Max,2021-04-03T13:00:32Z
83,UCx-KWLTKlB83hDI6UKECtJQ,hbo,ViEKPjkjEWI,Gaming Wall Street | Official Trailer | HBO Max,2022-02-25T16:00:08Z
84,UCx-KWLTKlB83hDI6UKECtJQ,hbo,WqbWwKx1nBU,Winning Time: The Rise of the Lakers Dynasty | Official Trailer | HBO Max,2022-02-11T17:00:13Z
85,UCx-KWLTKlB83hDI6UKECtJQ,hbo,XWBXniurrA0,Persona | Official Trailer | HBO Max,2021-02-22T19:05:28Z
86,UCx-KWLTKlB83hDI6UKECtJQ,hbo,qF0qZ0PUVcM,Fixer Upper: The Castle | Official Trailer | HBO Max,2022-10-13T13:30:11Z
87,UCx-KWLTKlB83hDI6UKECtJQ,hbo,hnR5DxP2e2g,It&#39;s a Sin | Official Trailer | HBO Max,2021-01-25T19:00:27Z
88,UCx-KWLTKlB83hDI6UKECtJQ,hbo,UUcb0Iot1bQ,Aida Rodriguez: Fighting Words | Official Trailer | HBO Max,2021-10-25T18:00:25Z
89,UCx-KWLTKlB83hDI6UKECtJQ,hbo,jGxOken3-lc,The Prince | Official Trailer | HBO Max,2021-07-28T20:00:37Z
90,UCx-KWLTKlB83hDI6UKECtJQ,hbo,tGh31qLBnFo,Ten Year Old Tom | Official Trailer | HBO Max,2021-09-16T17:30:26Z
91,UCx-KWLTKlB83hDI6UKECtJQ,hbo,ezs_qrvNzzk,One Perfect Shot | Official Trailer | HBO Max,2022-03-15T18:01:36Z
92,UCx-KWLTKlB83hDI6UKECtJQ,hbo,DZa6ZbjZrbs,Marlon Wayans: You Know What It Is | Official Trailer | HBO Max,2021-08-05T17:03:19Z
93,UCx-KWLTKlB83hDI6UKECtJQ,hbo,3yZtJd38KPQ,Chris Redd: Why Am I Like This? | Official Trailer | HBO Max,2022-10-20T20:31:59Z
94,UCx-KWLTKlB83hDI6UKECtJQ,hbo,erjDZEYaWVo,Possessions | Official Trailer | HBO Max,2021-01-19T18:00:24Z
95,UCx-KWLTKlB83hDI6UKECtJQ,hbo,9bgVmjX86bQ,On The Record | Official Trailer | HBO Max,2020-04-21T12:55:33Z
96,UCx-KWLTKlB83hDI6UKECtJQ,hbo,Yp_5pDOa-o0,Heaven‚Äôs Gate: The Cult of Cults | Official Trailer | HBO Max,2020-11-24T17:00:30Z
97,UCx-KWLTKlB83hDI6UKECtJQ,hbo,3sfQehgUUFQ,Close Enough | Official Trailer | HBO Max,2020-06-18T20:30:21Z
98,UCx-KWLTKlB83hDI6UKECtJQ,hbo,eXteuDaI7Sk,Santa Camp | Official Trailer | HBO Max,2022-11-02T17:00:02Z
99,UCx-KWLTKlB83hDI6UKECtJQ,hbo,IUIYQWkrO18,The Official Hacks Podcast | Official Trailer | HBO Max,2022-05-11T17:00:59Z
100,UCx-KWLTKlB83hDI6UKECtJQ,hbo,_wvOX4G6bgQ,Reminiscence | Official Trailer | HBO Max,2021-06-03T13:00:30Z
101,UCx-KWLTKlB83hDI6UKECtJQ,hbo,CPIcAkLBV-U,8-Bit Christmas | Official Trailer | HBO Max,2021-11-04T14:32:19Z
102,UCx-KWLTKlB83hDI6UKECtJQ,hbo,eyCcq-Wo_kI,My Dead Dad | Official Trailer | HBO Max,2022-05-24T15:00:26Z
103,UCx-KWLTKlB83hDI6UKECtJQ,hbo,-e_Q154xjts,Adventure Time: Distant Lands ‚Äì Together Again | Official Trailer | HBO Max,2021-05-24T19:00:57Z
104,UCx-KWLTKlB83hDI6UKECtJQ,hbo,7GRDLX3a-IE,No Sudden Move | Official Trailer | HBO Max,2021-06-07T17:00:50Z
105,UCx-KWLTKlB83hDI6UKECtJQ,hbo,On1O5cqkhq8,Craftopia Halloween | Official Trailer | HBO Max,2020-10-14T17:47:13Z
106,UCx-KWLTKlB83hDI6UKECtJQ,hbo,dhJrnNdH-aw,15 Minutes of Shame | Official Trailer | HBO Max,2021-09-21T17:00:03Z
107,UCx-KWLTKlB83hDI6UKECtJQ,hbo,Quwc1ePt6_0,Homeschool Musical: Class of 2020 | Official Trailer | HBO Max,2020-12-01T19:02:53Z
108,UCx-KWLTKlB83hDI6UKECtJQ,hbo,QpXzbQNyYVM,And Just Like That...The Writers Room Podcast | Official Trailer | HBO Max,2021-12-09T18:00:06Z
109,UCx-KWLTKlB83hDI6UKECtJQ,hbo,Cd1qydrlfgA,2nd Annual HA Comedy Festival: The Art of Comedy | Official Trailer | HBO Max,2021-12-16T01:12:16Z
110,UCx-KWLTKlB83hDI6UKECtJQ,hbo,3FGAsgos8UE,gen:LOCK S2 | Official Trailer | HBO Max,2021-10-28T16:20:20Z
111,UCx-KWLTKlB83hDI6UKECtJQ,hbo,icKZQ9J37nQ,The Power of We: A Sesame Street Special | Official Trailer | HBO Max,2020-10-15T17:31:15Z
112,UCx-KWLTKlB83hDI6UKECtJQ,hbo,66X4ujnzrZo,Perfect Life | Official Trailer | HBO Max,2021-01-11T16:00:09Z
113,UCx-KWLTKlB83hDI6UKECtJQ,hbo,CDAi0dP2Hvc,Arthur Hanlon Presents: Piano y Mujer II | Official Trailer | HBO Max,2022-11-11T19:06:55Z
114,UCx-KWLTKlB83hDI6UKECtJQ,hbo,fLa_rPyz8Iw,There Is No &quot;I&quot; in Threesome | Official Trailer | HBO Max,2021-01-26T18:00:26Z
0,UCwSIJCMWZC5GDM59wj7pMsg,amazon,q9vdHoxuaQc,The Grand Tour: A Scandi Flick | Official Trailer | Prime Video,2022-08-25T15:59:49Z
1,UCwSIJCMWZC5GDM59wj7pMsg,amazon,H5CCF39hIVw,The Devil&#39;s Hour | Official Trailer A | Prime Video,2022-09-22T14:33:49Z
2,UCwSIJCMWZC5GDM59wj7pMsg,amazon,TlAukkPK-dc,After Ever Happy | Official Trailer | Prime Video,2022-07-14T14:16:46Z
3,UCwSIJCMWZC5GDM59wj7pMsg,amazon,a3RDnD9YVxA,Infinite | Official Trailer | Prime Video,2021-09-10T09:00:04Z
4,UCwSIJCMWZC5GDM59wj7pMsg,amazon,3OHPCurXcTU,After We Fell | Official Trailer | Prime Video,2021-09-22T09:21:29Z
5,UCwSIJCMWZC5GDM59wj7pMsg,amazon,bLirO_Vq7Xo,The Lord of the Rings: The Rings of Power - Official Trailer | Prime Video,2022-08-23T13:00:19Z
6,UCwSIJCMWZC5GDM59wj7pMsg,amazon,pW-iVG0_D34,Clarkson&#39;s Farm | Official Trailer | Prime Video,2021-05-21T08:59:46Z
7,UCwSIJCMWZC5GDM59wj7pMsg,amazon,c0RBg5Qrgsw,JUNGLE | Official Trailer | Prime Video,2022-08-23T07:59:51Z
8,UCwSIJCMWZC5GDM59wj7pMsg,amazon,EMzgOCHzPMs,Jolt | Official Trailer | Prime Video,2021-06-29T19:29:46Z
9,UCwSIJCMWZC5GDM59wj7pMsg,amazon,40BsdVExfVg,Nocturne | Official Trailer | Welcome To The Blumhouse | Prime Video,2020-09-16T18:00:00Z
10,UCwSIJCMWZC5GDM59wj7pMsg,amazon,M1bhOaLV4FU,The Boys - Official Trailer | Prime Video,2019-06-21T09:16:12Z
11,UCwSIJCMWZC5GDM59wj7pMsg,amazon,qWNxIZQ594s,Deep Water | Official Trailer | Prime Video,2022-03-07T14:59:49Z
12,UCwSIJCMWZC5GDM59wj7pMsg,amazon,rG532GzM1fc,My Policeman | Official Trailer | Prime Video,2022-09-07T15:10:08Z
13,UCwSIJCMWZC5GDM59wj7pMsg,amazon,jVU_e0Kq4A8,Dating Amber | Official Trailer | Prime Video,2020-05-14T16:24:32Z
14,UCwSIJCMWZC5GDM59wj7pMsg,amazon,IDNPdLal2Lw,Utopia | Official Trailer | Prime Video,2020-08-18T15:00:10Z
15,UCwSIJCMWZC5GDM59wj7pMsg,amazon,K7AL2OARpTo,After Ever Happy | Official Trailer | Prime Video,2022-04-08T16:42:45Z
16,UCwSIJCMWZC5GDM59wj7pMsg,amazon,aDekbN4EtaE,Reacher | Official Trailer | Prime Video,2021-12-02T17:59:54Z
17,UCwSIJCMWZC5GDM59wj7pMsg,amazon,_XfS6kjoM24,The Ice Road | Official Trailer | Prime Video,2021-06-03T18:29:47Z
18,UCwSIJCMWZC5GDM59wj7pMsg,amazon,UG6x10iBMRc,James May: Our Man In Italy | Official Trailer | Prime Video,2022-06-16T13:09:26Z
19,UCwSIJCMWZC5GDM59wj7pMsg,amazon,Rkpv7tcZLaI,Black Box | Official Trailer | Welcome To The Blumhouse | Prime Video,2020-09-16T18:00:03Z
20,UCwSIJCMWZC5GDM59wj7pMsg,amazon,RTODtIQQRpA,Greenland | Official Trailer | Prime Video,2021-01-19T12:59:51Z
21,UCwSIJCMWZC5GDM59wj7pMsg,amazon,EY5Slz1-_90,Take Us Home: Leeds United - Official Trailer | Prime Video,2019-07-23T15:59:56Z
22,UCwSIJCMWZC5GDM59wj7pMsg,amazon,VrWTclxakpM,All The Old Knives | Official Trailer | Prime Video,2022-03-04T10:00:57Z
23,UCwSIJCMWZC5GDM59wj7pMsg,amazon,aRejWo0j7Bs,The Green Knight | Official Trailer | Prime Video,2021-09-10T16:09:03Z
24,UCwSIJCMWZC5GDM59wj7pMsg,amazon,5tdNZCB7o04,Solos | Official Trailer | Prime Video,2021-05-10T14:59:54Z
25,UCwSIJCMWZC5GDM59wj7pMsg,amazon,RRJ05l0xVsU,Fairfax | Official Trailer | Prime Video,2021-10-12T16:59:52Z
26,UCwSIJCMWZC5GDM59wj7pMsg,amazon,vmm76SIXhVA,Backstage With Katherine Ryan | Official Trailer | Prime Video,2022-05-19T09:09:36Z
27,UCwSIJCMWZC5GDM59wj7pMsg,amazon,LfRCwf1VtBE,Boss Level | Official Trailer | Prime Video,2021-08-11T12:59:43Z
28,UCwSIJCMWZC5GDM59wj7pMsg,amazon,N2mvC1DDnQc,Inside Borussia Dortmund - Official Trailer | Prime Video,2019-08-07T07:08:47Z
29,UCwSIJCMWZC5GDM59wj7pMsg,amazon,i84yWy-Mnts,The Lie | Official Trailer | Welcome To The Blumhouse | Prime Video,2020-09-16T18:00:06Z
30,UCwSIJCMWZC5GDM59wj7pMsg,amazon,mo4L6mfrRTs,Le Mans: Racing is Everything - Official Trailer | Prime Video,2017-05-11T22:51:54Z
31,UCwSIJCMWZC5GDM59wj7pMsg,amazon,0SJHfvBRg8c,As We See It | Official Trailer | Prime Video,2021-11-22T17:59:46Z
32,UCwSIJCMWZC5GDM59wj7pMsg,amazon,1dNB-SgmFc0,Jexi - Official Trailer | Prime Video,2020-02-14T16:59:54Z
33,UCwSIJCMWZC5GDM59wj7pMsg,amazon,e2YFitGwX20,Cinderella | Official Trailer | Prime Video,2021-08-03T16:59:46Z
34,UCwSIJCMWZC5GDM59wj7pMsg,amazon,zFr7ECzI-mA,Eat. Race. Win. - Official Trailer | Prime Video,2018-06-26T08:00:15Z
35,UCwSIJCMWZC5GDM59wj7pMsg,amazon,slOXypI6tXY,The Marvelous Mrs. Maisel Season 1‚Äì Official Trailer | Prime Video,2017-10-10T13:00:08Z
36,UCwSIJCMWZC5GDM59wj7pMsg,amazon,-gQ_I-tVk9E,Ten Percent | Official Trailer | Prime Video,2022-03-31T08:59:52Z
37,UCwSIJCMWZC5GDM59wj7pMsg,amazon,Vr5EA528L2M,The Boys: Diabolical | Official Trailer | Prime Video,2022-02-16T15:59:53Z
38,UCwSIJCMWZC5GDM59wj7pMsg,amazon,GhJOtD6OFS0,Upload | Official Trailer | Prime Video,2020-05-21T11:00:08Z
39,UCwSIJCMWZC5GDM59wj7pMsg,amazon,9s5Z5f9dRFM,Without Remorse | Official Trailer | Prime Video,2021-03-03T17:00:03Z
40,UCwSIJCMWZC5GDM59wj7pMsg,amazon,nqYwM0eyXnk,Borat Supplemental Reportings | Official Trailer | Prime Video,2021-05-19T11:24:49Z
41,UCwSIJCMWZC5GDM59wj7pMsg,amazon,Sakc54uEtbU,Guns Akimbo | Official Trailer | Prime Video,2021-07-07T16:22:22Z
42,UCwSIJCMWZC5GDM59wj7pMsg,amazon,8Ki1A2tvSQc,Panic | Official Trailer | Prime Video,2021-05-12T17:59:47Z
43,UCwSIJCMWZC5GDM59wj7pMsg,amazon,elqc8KpKARY,I Want You Back | Official Trailer | Prime Video,2022-02-03T10:23:07Z
44,UCwSIJCMWZC5GDM59wj7pMsg,amazon,7W9uB1cQtZ0,Modern Love - Official Trailer | Prime Video,2019-09-12T15:00:09Z
45,UCwSIJCMWZC5GDM59wj7pMsg,amazon,ycGRitcszLI,The Terminal List | Official Trailer | Prime Video,2022-06-08T15:24:26Z
46,UCwSIJCMWZC5GDM59wj7pMsg,amazon,t6CmgYbMyWQ,The Underground Railroad | Official Trailer | Prime Video,2021-04-15T16:00:31Z
47,UCwSIJCMWZC5GDM59wj7pMsg,amazon,AMvcRgA8Zvs,Birds of Paradise | Official Trailer | Prime Video,2021-09-08T15:59:53Z
48,UCwSIJCMWZC5GDM59wj7pMsg,amazon,9CdykRxgmH0,Invincible | Official Trailer | Prime Video,2021-02-19T18:19:48Z
49,UCwSIJCMWZC5GDM59wj7pMsg,amazon,sXF4YvnUXdU,Inside Edge Season 1 - Official Trailer | Prime Video,2017-07-10T11:58:00Z
50,UCwSIJCMWZC5GDM59wj7pMsg,amazon,3JYzZD1aZwc,Bliss | Official Trailer | Prime Video,2021-01-20T11:29:52Z
51,UCwSIJCMWZC5GDM59wj7pMsg,amazon,5fDKSdNFQsQ,Selah and The Spades | Official Trailer | Prime Video,2020-04-03T16:04:37Z
52,UCwSIJCMWZC5GDM59wj7pMsg,amazon,GvF1Tx-Lq7Q,The Romanoffs ‚Äì Official Trailer | Prime Video,2018-09-12T15:59:52Z
53,UCwSIJCMWZC5GDM59wj7pMsg,amazon,xyYaUflEwK0,The Grand Tour Presents: Carnage A Trois | Official Trailer | Prime Video,2021-11-25T09:59:47Z
54,UCwSIJCMWZC5GDM59wj7pMsg,amazon,pI5w1I6IX40,Palm Springs | Official Trailer | Prime Video,2020-11-04T19:00:41Z
55,UCwSIJCMWZC5GDM59wj7pMsg,amazon,nBDlOzS4R1k,All or Nothing: A Season with the Los Angeles Rams - Official Trailer | Prime Video,2017-05-15T17:14:40Z
56,UCwSIJCMWZC5GDM59wj7pMsg,amazon,iAFvll9rYzA,Evil Eye | Official Trailer | Welcome To The Blumhouse | Prime Video,2020-09-16T18:00:11Z
57,UCwSIJCMWZC5GDM59wj7pMsg,amazon,tXTsCcD8iek,The Outpost | Official Trailer | Prime Video,2021-05-28T10:21:38Z
58,UCwSIJCMWZC5GDM59wj7pMsg,amazon,-UQamk0b0k8,One Night in Miami | Official Trailer | Prime Video,2020-11-21T10:00:00Z
59,UCwSIJCMWZC5GDM59wj7pMsg,amazon,nbjXe0n1kJY,With Love | Official Trailer | Prime Video,2021-12-01T19:29:46Z
60,UCwSIJCMWZC5GDM59wj7pMsg,amazon,3hN-xuOeHio,The Vault | Official Trailer | Prime Video,2021-08-18T08:59:47Z
61,UCwSIJCMWZC5GDM59wj7pMsg,amazon,vL0dzF_3_gA,All or Nothing: New Zealand All Blacks - Official Trailer | Prime Video,2018-05-11T07:59:59Z
62,UCwSIJCMWZC5GDM59wj7pMsg,amazon,0Nfhr7aCxFo,The Great Escapists with Richard Hammond | Official Trailer | Prime Video,2021-01-05T10:00:00Z
63,UCwSIJCMWZC5GDM59wj7pMsg,amazon,dSBpHjUpuXI,Nine Perfect Strangers | Official Trailer | Prime Video,2021-07-22T15:59:48Z
64,UCwSIJCMWZC5GDM59wj7pMsg,amazon,sxRJyV1pmek,Coming 2 America | Official Trailer | Prime Video,2020-12-22T15:00:16Z
65,UCwSIJCMWZC5GDM59wj7pMsg,amazon,EAvBT4N-mqc,Justin Bieber: Our World | Official Trailer | Prime Video,2021-10-01T16:41:00Z
66,UCwSIJCMWZC5GDM59wj7pMsg,amazon,F_64uKjZ324,The Summer I Turned Pretty | Official Trailer | Prime Video,2022-05-31T15:59:49Z
67,UCwSIJCMWZC5GDM59wj7pMsg,amazon,WYkkfwbnpF0,The Test: A New Era for Australia&#39;s Team | Official Trailer | Prime Video,2020-03-11T16:10:18Z
68,UCwSIJCMWZC5GDM59wj7pMsg,amazon,SocRFvihFdg,Transparent Season 1 - Official 60 second Trailer | Prime Video,2014-09-30T13:39:41Z
69,UCwSIJCMWZC5GDM59wj7pMsg,amazon,h-BU-kmmFJc,LOL: Last One Laughing Canada | Official Trailer | Prime Video,2022-01-30T16:59:48Z
70,UCwSIJCMWZC5GDM59wj7pMsg,amazon,5xyHF3H2MYU,I Know What You Did Last Summer | Official Trailer | Prime Video,2021-09-23T14:59:57Z
71,UCwSIJCMWZC5GDM59wj7pMsg,amazon,3JNwtsxcCAk,Forever Season 1 - Official Trailer | Prime Video,2018-08-02T15:29:48Z
72,UCwSIJCMWZC5GDM59wj7pMsg,amazon,d971-CNiNXE,Wishenpoof! - Official Trailer | Prime Video,2015-08-13T08:26:20Z
73,UCwSIJCMWZC5GDM59wj7pMsg,amazon,sdytEqadkQY,El Internado | Official Trailer | Prime Video,2021-01-28T15:10:08Z
74,UCwSIJCMWZC5GDM59wj7pMsg,amazon,J-797ZW4_y4,Chemical Hearts | Official Trailer | Prime Video,2020-07-29T16:00:08Z
75,UCwSIJCMWZC5GDM59wj7pMsg,amazon,wA1pd1YT-9o,Tampa Baes | Official Trailer | Prime Video,2021-10-19T17:59:54Z
76,UCwSIJCMWZC5GDM59wj7pMsg,amazon,5WJSjln30BQ,The Mauritanian | Official Trailer | Prime Video,2021-02-19T07:59:55Z
77,UCwSIJCMWZC5GDM59wj7pMsg,amazon,LFn4HcnHPrU,Jean Claude Van Johnson - Official Trailer | Prime Video,2017-10-19T15:59:56Z
78,UCwSIJCMWZC5GDM59wj7pMsg,amazon,S85Kvs8FSro,Chris Ramsey - Official Trailer: Approval Needed | Prime Video,2019-07-25T08:29:56Z
79,UCwSIJCMWZC5GDM59wj7pMsg,amazon,L-g-C6xtNVA,How to Build a Girl | Official Trailer | Prime Video,2020-06-23T07:59:37Z
80,UCwSIJCMWZC5GDM59wj7pMsg,amazon,QxDX6oxyso0,My Spy | Official Trailer | Prime Video,2020-05-07T16:00:23Z
81,UCwSIJCMWZC5GDM59wj7pMsg,amazon,SiEy63chF60,P!nk: All I Know So Far | Official Trailer | Prime Video,2021-05-11T22:59:53Z
82,UCwSIJCMWZC5GDM59wj7pMsg,amazon,0IrHv6wrcRs,Make Us Dream - Official Trailer | Prime Video,2018-11-01T11:04:58Z
83,UCwSIJCMWZC5GDM59wj7pMsg,amazon,Tgkc2GC-Jwg,Russell Peters: Deported - Official Trailer | Prime Video,2019-12-18T19:59:47Z
84,UCwSIJCMWZC5GDM59wj7pMsg,amazon,GsQ4gToL2aw,Mozart in the Jungle - Official Trailer | Prime Video,2014-12-05T08:42:35Z
85,UCwSIJCMWZC5GDM59wj7pMsg,amazon,1KMFZEGBaZY,Them | Official Trailer | Prime Video,2021-03-22T15:59:54Z
86,UCwSIJCMWZC5GDM59wj7pMsg,amazon,VnNXTAmKbZM,Carnival Row Season 1 - Official Trailer | Prime Video,2019-08-06T19:00:09Z
87,UCwSIJCMWZC5GDM59wj7pMsg,amazon,bEg9lT0cj9Y,Thirteen Lives | Official Trailer | Prime Video,2022-06-28T16:01:04Z
88,UCwSIJCMWZC5GDM59wj7pMsg,amazon,IlN5SMH5z4Q,Utopia | Official Red Band Trailer | Prime Video,2020-09-17T16:00:03Z
89,UCwSIJCMWZC5GDM59wj7pMsg,amazon,TO7tKXLDzvQ,Ed Gamble - Official Trailer: Blood Sugar | Prime Video,2019-07-25T08:29:56Z
90,UCwSIJCMWZC5GDM59wj7pMsg,amazon,_3dEat5Q61s,The Legend Of El Cid | Official Trailer | Prime Video,2020-11-12T15:00:29Z
91,UCwSIJCMWZC5GDM59wj7pMsg,amazon,k2nC7bepGpk,Little Fires Everywhere | Official Trailer | Prime Video,2020-05-07T08:00:30Z
92,UCwSIJCMWZC5GDM59wj7pMsg,amazon,mfbNW_CxI8I,Encounter | Official Trailer | Prime Video,2021-11-17T16:59:51Z
93,UCwSIJCMWZC5GDM59wj7pMsg,amazon,_RuWIHDySTQ,Everybody&#39;s Talking About Jamie | Official Trailer | Prime Video,2021-08-10T12:59:50Z
94,UCwSIJCMWZC5GDM59wj7pMsg,amazon,vJick9OK7t8,Made In Italy | Official Trailer | Prime Video,2021-02-24T09:29:46Z
95,UCwSIJCMWZC5GDM59wj7pMsg,amazon,VErCfg67sYQ,Paper Girls | Official Trailer | Prime Video,2022-07-05T16:29:48Z
96,UCwSIJCMWZC5GDM59wj7pMsg,amazon,eI-ZlD3d4to,Rihanna&#39;s Savage X Fenty Volume 3 | Official Trailer | Prime Video,2021-09-21T17:05:32Z
97,UCwSIJCMWZC5GDM59wj7pMsg,amazon,x4P74JDGX_Y,This is Football - Official Trailer | Prime Video,2019-07-02T13:00:10Z
98,UCwSIJCMWZC5GDM59wj7pMsg,amazon,4-AlioPIaeY,After We Fell | Official Trailer | Prime Video #Shorts,2021-10-14T16:59:47Z
99,UCwSIJCMWZC5GDM59wj7pMsg,amazon,FY2lrrL48ps,Maradona: Blessed Dream | Official Trailer | Prime Video,2021-10-11T09:27:25Z
100,UCwSIJCMWZC5GDM59wj7pMsg,amazon,MCTed-h0oLI,The Grand Tour Presents: Lochdown | Official Trailer | Prime Video,2021-07-15T08:59:52Z
101,UCwSIJCMWZC5GDM59wj7pMsg,amazon,KyhujR6ucxw,Savage X Fenty Show: Vol. 2 | Official Trailer | Prime Video,2020-10-01T17:19:48Z
102,UCwSIJCMWZC5GDM59wj7pMsg,amazon,ALAGG_eEA38,The Looming Tower - Official Trailer [HD] | Prime Video UK,2018-02-15T08:59:47Z
103,UCwSIJCMWZC5GDM59wj7pMsg,amazon,-yNBZAN-gaI,Z: The Beginning of Everything Season 1 - Official Trailer | Prime Video,2016-12-07T17:41:35Z
104,UCwSIJCMWZC5GDM59wj7pMsg,amazon,0y-1kDA1tLk,Get Duked! | Official Trailer | Prime Video,2020-08-03T16:00:00Z
105,UCwSIJCMWZC5GDM59wj7pMsg,amazon,GsbGER3FBJc,You Are Wanted - Official Trailer | Prime Video,2017-03-31T14:17:39Z
106,UCwSIJCMWZC5GDM59wj7pMsg,amazon,mFHLUdFut4I,Will You Take the Oath? ü§î The Wheel of Time Official Trailer #Shorts,2021-11-02T10:27:46Z
107,UCwSIJCMWZC5GDM59wj7pMsg,amazon,b4Izfn3DphY,The Crossing Season 1 - Official Trailer [HD] | Prime Video,2018-03-29T08:00:06Z
108,UCwSIJCMWZC5GDM59wj7pMsg,amazon,FmLnyyENhiw,Welcome To The Blumhouse | Official Trailer | Prime Video,2021-08-24T13:01:32Z
109,UCwSIJCMWZC5GDM59wj7pMsg,amazon,kZc0_2D4Io4,Truth Seekers | Official Trailer | Prime Video,2020-09-23T16:01:07Z
110,UCwSIJCMWZC5GDM59wj7pMsg,amazon,_TQfaaOjFYQ,The Tomorrow War | Official Trailer | Prime Video,2021-05-26T12:59:53Z
111,UCwSIJCMWZC5GDM59wj7pMsg,amazon,z4xXS8rWlOQ,Heidi Klum&#39;s Making The Cut | Official Trailer | Prime Video,2020-02-24T17:34:29Z
112,UCwSIJCMWZC5GDM59wj7pMsg,amazon,PmGHbIcSUmc,Hotel Transylvania: Transformania | Official Trailer | Prime Video,2021-12-08T14:59:46Z
113,UCwSIJCMWZC5GDM59wj7pMsg,amazon,er0ZMdvmLYE,Crisis in Six Scenes - Official Trailer | Prime Video,2016-09-14T15:05:40Z
114,UCwSIJCMWZC5GDM59wj7pMsg,amazon,rPZn56I7Luk,A Man Named Scott | Official Trailer | Prime Video,2021-10-26T16:59:53Z
115,UCwSIJCMWZC5GDM59wj7pMsg,amazon,krPnrI80RQM,Star Trek: Lower Decks | Official Trailer | Prime Video,2020-12-17T09:00:12Z
116,UCwSIJCMWZC5GDM59wj7pMsg,amazon,Tzqnx8nLotE,Lovestruck High Season 1 | Official Trailer | Prime Video,2022-04-22T13:03:08Z
117,UCwSIJCMWZC5GDM59wj7pMsg,amazon,mFYloh57VhU,All or Nothing: The Carolina Panthers - Official Trailer | Prime Video,2019-06-26T18:00:00Z
118,UCwSIJCMWZC5GDM59wj7pMsg,amazon,MH-ZNJCPdz4,Long Strange Trip ‚Äì Official Trailer | Prime Video,2017-05-26T17:09:50Z
119,UCwSIJCMWZC5GDM59wj7pMsg,amazon,acLTqMsHxFs,This Giant Beast That is the Global Economy - Official Trailer | Prime Video,2019-01-19T07:59:48Z
120,UCwSIJCMWZC5GDM59wj7pMsg,amazon,wzfW-HFy3Vw,Comrade Detective Season 1 - Official Trailer Feat. Channing Tatum | Prime Video,2017-07-27T19:14:07Z
121,UCwSIJCMWZC5GDM59wj7pMsg,amazon,kmkWWRtG-og,Lioness: The Nicola Adams Story | Official Trailer | Prime Video,2021-10-20T09:17:22Z
122,UCwSIJCMWZC5GDM59wj7pMsg,amazon,HlMrHOFz8-U,The Kacey Musgraves Christmas Show - Official Trailer | Prime Video,2019-11-14T03:59:47Z
123,UCwSIJCMWZC5GDM59wj7pMsg,amazon,L_U6_PqFDC4,I Love Dick Season 1 - Official Trailer | Prime Video,2017-05-02T21:59:59Z
124,UCwSIJCMWZC5GDM59wj7pMsg,amazon,EAcWAxQ9NT0,After We Collided | Official Trailer | Prime Video,2020-11-25T14:18:09Z
125,UCwSIJCMWZC5GDM59wj7pMsg,amazon,-9oDEAQJt-o,Borat: Subsequent Moviefilm | Official Trailer | Prime Video,2020-10-01T14:00:00Z
126,UCwSIJCMWZC5GDM59wj7pMsg,amazon,YaLZxvmq0wA,The Voyeurs | Official Trailer | Prime Video,2021-08-19T16:27:23Z
127,UCwSIJCMWZC5GDM59wj7pMsg,amazon,yTqTHpIsb2E,Curse Of The Chippendales | Official Trailer | Prime Video,2021-10-01T09:24:15Z
128,UCwSIJCMWZC5GDM59wj7pMsg,amazon,LKqTYXGMloM,Lizzo&#39;s Watch Out For The Big Grrrls | Official Trailer | Prime Video,2022-03-14T17:59:47Z
0,UCWOA1ZGywLbqmigxE4Qlvuw,netflix,SgwKZAMx_gM,White Noise | Official Trailer | Netflix,2022-11-22T16:00:00Z
1,UCWOA1ZGywLbqmigxE4Qlvuw,netflix,gj5ibYSz8C0,Glass Onion: A Knives Out Mystery | Official Trailer | Netflix,2022-11-07T15:00:00Z
2,UCWOA1ZGywLbqmigxE4Qlvuw,netflix,dT0kexzmU7A,The Recruit | Official Trailer | Netflix,2022-11-16T16:00:02Z
3,UCWOA1ZGywLbqmigxE4Qlvuw,netflix,vrodN7I_Xko,Trevor Noah: I Wish You Would | Official Trailer | Netflix,2022-11-16T16:33:56Z
4,UCWOA1ZGywLbqmigxE4Qlvuw,netflix,hf8EYbVxtCY,All Quiet on the Western Front | Official Trailer | Netflix,2022-10-20T13:00:00Z
5,UCWOA1ZGywLbqmigxE4Qlvuw,netflix,Od2NW1sfRdA,GUILLERMO DEL TORO&#39;S PINOCCHIO | Official Trailer | Netflix,2022-11-09T16:00:02Z
6,UCWOA1ZGywLbqmigxE4Qlvuw,netflix,FBnkVJslRGo,Slumberland | Official Trailer | Netflix,2022-10-06T13:30:00Z
7,UCWOA1ZGywLbqmigxE4Qlvuw,netflix,1qWUUGB7KUs,&quot;Sr.&quot; | Robert Downey Jr. | Official Trailer | Netflix,2022-11-14T17:00:01Z
8,UCWOA1ZGywLbqmigxE4Qlvuw,netflix,htybz7XscIY,The Wonder | Official Trailer | Netflix,2022-10-04T14:00:00Z
9,UCWOA1ZGywLbqmigxE4Qlvuw,netflix,kDA-phXyYH8,Blockbuster | Official Trailer | Netflix,2022-10-07T16:30:00Z
10,UCWOA1ZGywLbqmigxE4Qlvuw,netflix,Q33TkQKlIMg,Our Universe | Official Trailer | Netflix,2022-11-10T15:30:00Z
11,UCWOA1ZGywLbqmigxE4Qlvuw,netflix,Q73UhUTs6y0,Wednesday Addams | Official Trailer | Netflix,2022-10-09T00:05:01Z
12,UCWOA1ZGywLbqmigxE4Qlvuw,netflix,83ClbRPRDXU,The Sandman | Official Trailer | Netflix,2022-07-23T22:30:00Z
13,UCWOA1ZGywLbqmigxE4Qlvuw,netflix,KKXNmYoPkx0,Enola Holmes 2 | Official Trailer: Part 1 | Netflix,2022-09-24T17:07:00Z
14,UCWOA1ZGywLbqmigxE4Qlvuw,netflix,vBHKSQ4MrJE,From Scratch | Official Trailer | Netflix,2022-09-15T18:00:03Z
15,UCWOA1ZGywLbqmigxE4Qlvuw,netflix,CNFm_DzHDaE,A Trip to Infinity | Official Trailer | Netflix,2022-09-14T17:30:00Z
16,UCWOA1ZGywLbqmigxE4Qlvuw,netflix,1Qcm1UMjjoU,Partner Track | Official Trailer | Netflix,2022-07-29T14:10:03Z
17,UCWOA1ZGywLbqmigxE4Qlvuw,netflix,JtqIas3bYhg,Cyberpunk: Edgerunners | Official NSFW Trailer | Netflix,2022-08-30T18:00:00Z
18,UCWOA1ZGywLbqmigxE4Qlvuw,netflix,BmllggGO4pM,THE GRAY MAN | Official Trailer | Netflix,2022-05-24T13:30:18Z
19,UCWOA1ZGywLbqmigxE4Qlvuw,netflix,NVHHs-xllqo,DAHMER - Monster: The Jeffrey Dahmer Story | Official Trailer (Trailer 1) | Netflix,2022-09-16T14:00:00Z
20,UCWOA1ZGywLbqmigxE4Qlvuw,netflix,aIsFywuZPoQ,BLONDE | From Writer and Director Andrew Dominik | Official Trailer | Netflix,2022-07-28T13:00:03Z
21,UCWOA1ZGywLbqmigxE4Qlvuw,netflix,aftysDQ4hpI,The School for Good and Evil | Official Trailer | Netflix,2022-09-13T13:00:03Z
22,UCWOA1ZGywLbqmigxE4Qlvuw,netflix,rK-JQU_bShc,Do Revenge | Official Trailer | Netflix,2022-08-09T15:00:00Z
23,UCWOA1ZGywLbqmigxE4Qlvuw,netflix,-QCFifHyXNM,Money Heist: Korea - Joint Economic Area Part 2 | Official Trailer | Netflix,2022-11-23T00:00:00Z
24,UCWOA1ZGywLbqmigxE4Qlvuw,netflix,xDc_iartATY,The Bastard Son &amp; The Devil Himself | Official Trailer | Netflix,2022-10-13T11:00:00Z
25,UCWOA1ZGywLbqmigxE4Qlvuw,netflix,Wpii7t26aZU,I Am Vanessa Guillen | Official Trailer | Netflix,2022-11-04T17:30:00Z
26,UCWOA1ZGywLbqmigxE4Qlvuw,netflix,bKaj4gXor2M,Robbing Mussolini | Official Trailer | Netflix,2022-09-22T10:30:00Z
27,UCWOA1ZGywLbqmigxE4Qlvuw,netflix,E3E1URhCR60,GUILLERMO DEL TORO‚ÄôS CABINET OF CURIOSITIES | Official Trailer | Netflix,2022-09-30T14:00:00Z
28,UCWOA1ZGywLbqmigxE4Qlvuw,netflix,sTJfJoaZrCw,The Imperfects | Official Trailer | Netflix,2022-09-01T16:00:00Z
29,UCWOA1ZGywLbqmigxE4Qlvuw,netflix,IZdjKKrMmaw,The Mole | Official Trailer | Netflix,2022-09-20T16:00:00Z
30,UCWOA1ZGywLbqmigxE4Qlvuw,netflix,L23I_XopoA0,Silverton Siege | Official Trailer | Netflix,2022-03-24T08:00:00Z
31,UCWOA1ZGywLbqmigxE4Qlvuw,netflix,lzS8BQBcAu4,"Pepsi, Where&#39;s My Jet? | Official Trailer | Netflix",2022-10-24T16:00:00Z
32,UCWOA1ZGywLbqmigxE4Qlvuw,netflix,51F0wfZBV0c,Echoes | Official Trailer | Netflix,2022-07-26T17:30:00Z
33,UCWOA1ZGywLbqmigxE4Qlvuw,netflix,Pj0wz7zu3Ms,RED NOTICE | Official Trailer | Netflix,2021-10-21T13:10:02Z
34,UCWOA1ZGywLbqmigxE4Qlvuw,netflix,Ith2WetKXlg,Army of Thieves | Official Trailer | Netflix,2021-09-25T18:41:01Z
35,UCWOA1ZGywLbqmigxE4Qlvuw,netflix,-aZBIpZY_Fw,Inside Job | Official Trailer | Netflix,2021-09-25T18:56:00Z
36,UCWOA1ZGywLbqmigxE4Qlvuw,netflix,LRDPo0CHrko,The Power of the Dog | Official Trailer | Netflix,2021-11-04T15:00:00Z
37,UCWOA1ZGywLbqmigxE4Qlvuw,netflix,jnJ4BGNpby8,Girl in the Picture | Official Trailer | Netflix,2022-06-15T16:30:00Z
38,UCWOA1ZGywLbqmigxE4Qlvuw,netflix,bEyyKwVORvo,Against the Ice | Official Trailer | Netflix,2022-01-13T17:30:00Z
39,UCWOA1ZGywLbqmigxE4Qlvuw,netflix,UKCmefQdplI,A Film by Jonah Hill &quot;Stutz&quot; | Official Trailer | Netflix,2022-10-24T17:00:00Z
40,UCWOA1ZGywLbqmigxE4Qlvuw,netflix,pfhCEXLnQh8,Keep Breathing | Official Trailer | Netflix,2022-06-30T16:00:00Z
41,UCWOA1ZGywLbqmigxE4Qlvuw,netflix,B_XUlbPW-eY,Luckiest Girl Alive | Official Trailer | Netflix,2022-09-06T13:00:00Z
42,UCWOA1ZGywLbqmigxE4Qlvuw,netflix,WJPSSL2lSjU,Brazen | Official Trailer | Netflix,2021-12-15T14:00:00Z
43,UCWOA1ZGywLbqmigxE4Qlvuw,netflix,QZLunQrxs9I,IN HER HANDS | Official Trailer | Netflix,2022-10-26T15:00:00Z
44,UCWOA1ZGywLbqmigxE4Qlvuw,netflix,zcI6SFiK_yk,TEXAS CHAINSAW MASSACRE | Official Trailer | Netflix,2022-01-31T16:00:01Z
45,UCWOA1ZGywLbqmigxE4Qlvuw,netflix,TZ5NFlE_wd0,I Hate Christmas | Official Trailer | Netflix,2022-11-11T11:00:00Z
46,UCWOA1ZGywLbqmigxE4Qlvuw,netflix,Fz7HmgPJQak,Persuasion starring Dakota Johnson | Official Trailer | Netflix,2022-06-14T13:00:00Z
47,UCWOA1ZGywLbqmigxE4Qlvuw,netflix,V0UlWZNp6cI,FIFA Uncovered | Official Trailer | Netflix,2022-10-25T16:30:00Z
48,UCWOA1ZGywLbqmigxE4Qlvuw,netflix,1Q5CXN7soQg,Seaspiracy | Official Trailer | Netflix,2021-03-03T19:00:00Z
49,UCWOA1ZGywLbqmigxE4Qlvuw,netflix,PgSYux7UcXU,ONI: Thunder God&#39;s Tale | Official Trailer | Netflix,2022-10-06T13:00:00Z
50,UCWOA1ZGywLbqmigxE4Qlvuw,netflix,eHsWYmnXk1o,Hypnotic | Official Trailer | Netflix,2021-10-05T16:00:00Z
51,UCWOA1ZGywLbqmigxE4Qlvuw,netflix,KfySe96FPr8,The Empress | Official Trailer | Netflix,2022-09-22T08:00:01Z
52,UCWOA1ZGywLbqmigxE4Qlvuw,netflix,ca00ZHJWKuA,Vatican Girl: The Disappearance of Emanuela Orlandi | Official Trailer | Netflix,2022-10-12T10:00:00Z
53,UCWOA1ZGywLbqmigxE4Qlvuw,netflix,OQSoII4Bj1o,INTERCEPTOR | Official Trailer | Netflix,2022-05-04T16:00:50Z
54,UCWOA1ZGywLbqmigxE4Qlvuw,netflix,Tm5uUzbUwR4,Trainwreck: Woodstock &#39;99 | Official Trailer | Netflix,2022-07-20T15:00:00Z
55,UCWOA1ZGywLbqmigxE4Qlvuw,netflix,BYti8tb3rmI,Christmas With You | Official Trailer | Netflix,2022-10-19T14:00:01Z
56,UCWOA1ZGywLbqmigxE4Qlvuw,netflix,xppbyXSxPlo,Home Team | Official Trailer | Netflix,2021-12-14T18:00:00Z
57,UCWOA1ZGywLbqmigxE4Qlvuw,netflix,MX6wAGuIMCg,"HELLO, GOODBYE, AND EVERYTHING IN BETWEEN | Official Trailer | Netflix",2022-06-15T16:00:02Z
58,UCWOA1ZGywLbqmigxE4Qlvuw,netflix,9U3BO8BoVhc,Lost Ollie | Official Series Trailer | Netflix,2022-08-02T16:00:00Z
59,UCWOA1ZGywLbqmigxE4Qlvuw,netflix,RbIxYm3mKzI,"DON&#39;T LOOK UP | Leonardo DiCaprio, Jennifer Lawrence | Official Trailer | Netflix",2021-11-16T16:00:00Z
60,UCWOA1ZGywLbqmigxE4Qlvuw,netflix,i_1VW_0i6vo,The Hand of God | Official Trailer | Netflix,2021-11-11T15:00:00Z
61,UCWOA1ZGywLbqmigxE4Qlvuw,netflix,asH6ny4ILzM,The Noel Diary | Official Trailer | Netflix,2022-11-03T14:30:00Z
62,UCWOA1ZGywLbqmigxE4Qlvuw,netflix,phQxK5u8IEs,Our Father | Official Trailer | Netflix,2022-04-14T16:00:02Z
63,UCWOA1ZGywLbqmigxE4Qlvuw,netflix,Sel3fjl6uyo,THE CUPHEAD SHOW! | Official Trailer | Netflix,2022-01-18T15:15:00Z
64,UCWOA1ZGywLbqmigxE4Qlvuw,netflix,ULCIHP5dc44,Cowboy Bebop | Official Trailer | Netflix,2021-10-26T23:20:00Z
65,UCWOA1ZGywLbqmigxE4Qlvuw,netflix,R5546NL6gkE,BLASTED | Official Trailer | Netflix,2022-06-07T16:15:00Z
66,UCWOA1ZGywLbqmigxE4Qlvuw,netflix,Uafg97czxeQ,Money Heist: Korea - Joint Economic Area | Official Trailer | Netflix,2022-06-03T00:00:03Z
67,UCWOA1ZGywLbqmigxE4Qlvuw,netflix,WR21TH-6LfY,A Perfect Pairing starring Victoria Justice &amp; Adam Demos | Official Trailer | Netflix,2022-04-21T17:05:23Z
68,UCWOA1ZGywLbqmigxE4Qlvuw,netflix,gpv7ayf_tyE,Bridgerton | Official Trailer | Netflix,2020-12-14T15:00:00Z
69,UCWOA1ZGywLbqmigxE4Qlvuw,netflix,dpL5zS-PngE,Neymar: The Perfect Chaos | Official Trailer | Netflix,2022-01-11T13:00:00Z
70,UCWOA1ZGywLbqmigxE4Qlvuw,netflix,tAJVDe205tY,Intrusion | Official Trailer | Netflix,2021-08-26T16:00:00Z
71,UCWOA1ZGywLbqmigxE4Qlvuw,netflix,QTIkUzkbzQk,Unbelievable | Official Trailer | Netflix,2019-07-18T15:00:05Z
72,UCWOA1ZGywLbqmigxE4Qlvuw,netflix,202KkD12AuI,END OF THE ROAD | Official Trailer | Netflix,2022-08-15T16:00:00Z
73,UCWOA1ZGywLbqmigxE4Qlvuw,netflix,4CjJsX90yAU,Wild Is the Wind | Official Trailer | Netflix,2022-10-14T07:00:00Z
74,UCWOA1ZGywLbqmigxE4Qlvuw,netflix,fmjKsL_-rfw,BLACK CRAB | Official Trailer | Netflix,2022-02-22T15:00:00Z
75,UCWOA1ZGywLbqmigxE4Qlvuw,netflix,5Ux_ipIsNyo,Running with the Devil: The Wild World of John McAfee | Official Trailer | Netflix,2022-07-27T12:00:00Z
76,UCWOA1ZGywLbqmigxE4Qlvuw,netflix,2kdqmzbqlVs,I am Georgina | Official Trailer | Netflix,2022-01-14T10:00:00Z
77,UCWOA1ZGywLbqmigxE4Qlvuw,netflix,kCQxxqdowOg,Single All The Way | Official Trailer | Netflix,2021-11-10T17:00:00Z
78,UCWOA1ZGywLbqmigxE4Qlvuw,netflix,49_44FFKZ1M,Alice in Borderland | Official Trailer | Netflix,2020-10-28T23:00:00Z
79,UCWOA1ZGywLbqmigxE4Qlvuw,netflix,UbhNxmwh_qc,Keep Sweet: Pray and Obey | Official Trailer | Netflix,2022-05-26T15:00:06Z
80,UCWOA1ZGywLbqmigxE4Qlvuw,netflix,fXmAurh012s,Arcane | Official Trailer | Netflix,2021-09-25T17:50:01Z
81,UCWOA1ZGywLbqmigxE4Qlvuw,netflix,-voLo_TIWf4,Halftime | Jennifer Lopez | Official Trailer | Netflix,2022-05-19T16:00:05Z
82,UCWOA1ZGywLbqmigxE4Qlvuw,netflix,sspsUdLrc-g,Santo | Official Trailer | Netflix,2022-08-31T13:00:00Z
83,UCWOA1ZGywLbqmigxE4Qlvuw,netflix,2GVxxIsT4Y4,Sins of Our Mother | Official Trailer | Netflix,2022-08-22T15:30:00Z
84,UCWOA1ZGywLbqmigxE4Qlvuw,netflix,uaaC57tcci0,The Social Dilemma | Official Trailer | Netflix,2020-08-27T18:00:00Z
85,UCWOA1ZGywLbqmigxE4Qlvuw,netflix,PSmns9QWPiE,Untold: The Race of the Century | Official Trailer | Netflix,2022-08-15T20:00:00Z
86,UCWOA1ZGywLbqmigxE4Qlvuw,netflix,wyXnoeJoKLw,Chef&#39;s Table: Pizza | Official Trailer | Netflix,2022-08-25T20:48:40Z
87,UCWOA1ZGywLbqmigxE4Qlvuw,netflix,7nxuEsx99-k,28 Days Haunted | Official Trailer | Netflix,2022-09-22T11:00:00Z
88,UCWOA1ZGywLbqmigxE4Qlvuw,netflix,X7MZuR8RM48,Dragon Age: Absolution | Official Trailer | Netflix,2022-11-10T17:30:00Z
89,UCWOA1ZGywLbqmigxE4Qlvuw,netflix,820j10lEAec,The Weekend Away starring Leighton Meester | Official Trailer | Netflix,2022-02-09T17:00:01Z
90,UCWOA1ZGywLbqmigxE4Qlvuw,netflix,bwHGegiFykU,I Came By | Official Trailer | Netflix,2022-08-01T14:00:00Z
91,UCWOA1ZGywLbqmigxE4Qlvuw,netflix,-Pwxr307O4w,Rescued By Ruby starring Grant Gustin | Official Trailer | Netflix,2022-02-22T17:00:00Z
92,UCWOA1ZGywLbqmigxE4Qlvuw,netflix,8nGcf4tBdF8,DI4RIES | Official Trailer | Netflix,2022-06-27T10:00:00Z
93,UCWOA1ZGywLbqmigxE4Qlvuw,netflix,F1r6IDby3IE,FARZAR | Official Trailer | Netflix,2022-06-08T23:25:00Z
94,UCWOA1ZGywLbqmigxE4Qlvuw,netflix,_R3LWM_Vt70,The Tinder Swindler | Official Trailer | Netflix,2022-01-11T14:00:01Z
95,UCWOA1ZGywLbqmigxE4Qlvuw,netflix,taE3PwurhYM,Klaus | Official Trailer | Netflix,2019-10-07T13:00:03Z
96,UCWOA1ZGywLbqmigxE4Qlvuw,netflix,hOiWSWLt-NA,What Happened to Monday | Official Trailer [HD] | Netflix,2017-07-31T15:30:11Z
97,UCWOA1ZGywLbqmigxE4Qlvuw,netflix,rHmw87EpGIM,Young Royals | Official Trailer | Netflix,2021-06-17T13:00:00Z
98,UCWOA1ZGywLbqmigxE4Qlvuw,netflix,NaB_ERMAZu4,The Guilty | Official Trailer | Jake Gyllenhaal | Netflix,2021-09-07T14:00:00Z
99,UCWOA1ZGywLbqmigxE4Qlvuw,netflix,sY2TLiK27g4,No One Gets Out Alive | Official Trailer | Netflix,2021-09-07T16:00:00Z
100,UCWOA1ZGywLbqmigxE4Qlvuw,netflix,DqSdAgyF41k,Racionais MC&#39;s: From the Streets of S√£o Paulo | Official Trailer | Netflix,2022-10-24T13:30:00Z
101,UCWOA1ZGywLbqmigxE4Qlvuw,netflix,ZTI6T5M8Fj0,Netflix 2022 Movie Preview | Official Trailer,2022-02-03T15:00:33Z
102,UCWOA1ZGywLbqmigxE4Qlvuw,netflix,M0O7lLe4SmA,Cuties | Official Trailer | Netflix,2020-08-18T14:00:00Z
103,UCWOA1ZGywLbqmigxE4Qlvuw,netflix,umIeYcQLABg,The Stranger | Official Trailer | Netflix,2022-09-13T23:30:00Z
104,UCWOA1ZGywLbqmigxE4Qlvuw,netflix,bsNIJd45jYM,Falling For Christmas | Lindsay Lohan | Official Trailer | Netflix,2022-10-07T13:00:01Z
105,UCWOA1ZGywLbqmigxE4Qlvuw,netflix,A0gsjrcAi9w,Procession | Official Trailer | Netflix,2021-10-26T15:00:00Z
106,UCWOA1ZGywLbqmigxE4Qlvuw,netflix,G9AEE8NaEDw,State of Alabama vs. Brittany Smith | Official Trailer | Netflix,2022-10-13T18:00:00Z
107,UCWOA1ZGywLbqmigxE4Qlvuw,netflix,NiFuJV2GLkY,Sweet Girl | Official Trailer | Netflix,2021-07-09T13:00:00Z
108,UCWOA1ZGywLbqmigxE4Qlvuw,netflix,-j0rjlfmDx4,Jeffrey Epstein: Filthy Rich | Official Trailer | Netflix,2020-05-13T16:00:00Z
109,UCWOA1ZGywLbqmigxE4Qlvuw,netflix,TgB7rMuxY-s,The Serpent | Official Trailer | Netflix,2021-03-04T14:45:00Z
110,UCWOA1ZGywLbqmigxE4Qlvuw,netflix,Af_Hj0MDBBQ,The Silent Sea | Official Trailer | Netflix,2021-12-10T00:00:02Z
111,UCWOA1ZGywLbqmigxE4Qlvuw,netflix,LR2Iq2VaZpM,Gl√≥ria | Official Trailer | Netflix,2021-10-19T10:00:00Z
112,UCWOA1ZGywLbqmigxE4Qlvuw,netflix,11DiQzSLfmo,Orgasm Inc: The Story of OneTaste | Official Trailer | Netflix,2022-10-28T15:00:00Z
113,UCWOA1ZGywLbqmigxE4Qlvuw,netflix,vW2BPQ15OSw,Trust No One: The Hunt for the Crypto King | Official Trailer | Netflix,2022-03-09T15:00:00Z
114,UCWOA1ZGywLbqmigxE4Qlvuw,netflix,3VKESwIpzqk,Dubai Bling | Official Trailer | Netflix,2022-10-12T08:00:00Z
115,UCWOA1ZGywLbqmigxE4Qlvuw,netflix,gUHOSIe922E,Dangerous Liaisons | Official Trailer | Netflix,2022-05-10T16:00:08Z
116,UCWOA1ZGywLbqmigxE4Qlvuw,netflix,vIDbiQB6N28,Conversations with a Killer: The John Wayne Gacy Tapes | Official Trailer | Netflix,2022-04-07T15:00:01Z
117,UCWOA1ZGywLbqmigxE4Qlvuw,netflix,7q6Co-nd0lM,EUROVISION SONG CONTEST: The Story Of Fire Saga | Official Trailer | Netflix,2020-06-11T13:00:03Z
118,UCWOA1ZGywLbqmigxE4Qlvuw,netflix,svp53UuEJHY,"Devotion, a Story of Love and Desire | Official Trailer | Netflix",2022-01-17T11:00:01Z
119,UCWOA1ZGywLbqmigxE4Qlvuw,netflix,MysGjRS9jFU,KATE | Official Trailer | Netflix,2021-08-04T14:00:00Z
120,UCWOA1ZGywLbqmigxE4Qlvuw,netflix,UyUuzCGblqc,FEAR STREET | A Film Trilogy Event | Official Trailer | Netflix,2021-06-09T16:30:00Z
121,UCWOA1ZGywLbqmigxE4Qlvuw,netflix,j2rlnsGWGBU,Down to Earth with Zac Efron: Down Under | Official Trailer | Netflix,2022-10-19T16:00:00Z
122,UCWOA1ZGywLbqmigxE4Qlvuw,netflix,fCGBZvcbzsI,Thai Cave Rescue: Limited Series | Official Trailer | Netflix,2022-08-30T03:00:02Z
123,UCWOA1ZGywLbqmigxE4Qlvuw,netflix,BOe8L69JpVI,Vivo | Official Trailer | Netflix,2021-07-29T13:00:00Z
124,UCWOA1ZGywLbqmigxE4Qlvuw,netflix,kC72F1v_-WY,Nick Kroll: Little Big Boy | Official Trailer | Netflix,2022-09-15T17:30:00Z
125,UCWOA1ZGywLbqmigxE4Qlvuw,netflix,MYy7oGQiSqI,Kung Fu Panda: The Dragon Knight üêª‚Äç‚ùÑÔ∏èüêâ Official Trailer | Netflix,2022-06-30T15:00:00Z
126,UCWOA1ZGywLbqmigxE4Qlvuw,netflix,tJp5pLsXhgo,WENDELL &amp; WILD | Official Trailer | Netflix,2022-10-10T13:00:00Z
127,UCWOA1ZGywLbqmigxE4Qlvuw,netflix,9zG9RuJb3QU,Sweet Tooth | Official Trailer | Netflix,2021-05-17T15:00:00Z
128,UCWOA1ZGywLbqmigxE4Qlvuw,netflix,_kRab62q54M,Love in the Villa | Official Trailer | Netflix,2022-08-04T16:00:00Z
129,UCWOA1ZGywLbqmigxE4Qlvuw,netflix,YLE85olJjp8,6 Underground starring Ryan Reynolds | Official Trailer | Netflix,2019-10-01T14:03:01Z
130,UCWOA1ZGywLbqmigxE4Qlvuw,netflix,b9EkMc79ZSU,Stranger Things | Official Final Trailer | Netflix,2016-06-30T14:30:02Z
131,UCWOA1ZGywLbqmigxE4Qlvuw,netflix,7FtDMn8BcvI,Crime Scene: The Texas Killing Fields | Official Trailer | Netflix,2022-11-09T17:30:00Z
132,UCWOA1ZGywLbqmigxE4Qlvuw,netflix,DYY0QJhlXjc,HIS HOUSE | Official Trailer | Netflix,2020-09-30T14:30:02Z
133,UCWOA1ZGywLbqmigxE4Qlvuw,netflix,W5QJW0M5pik,Cargo | Official Trailer [HD] | Netflix,2018-04-03T15:00:04Z
134,UCWOA1ZGywLbqmigxE4Qlvuw,netflix,mjLWuzGVyew,Messiah | Season 1 Official Trailer | Netflix,2019-12-03T15:00:03Z
135,UCWOA1ZGywLbqmigxE4Qlvuw,netflix,-NOp5ROn1HE,The Dirt | Official Trailer [HD] | Netflix,2019-02-19T15:00:00Z
136,UCWOA1ZGywLbqmigxE4Qlvuw,netflix,T3mwUEoZdrI,FATHERHOOD starring Kevin Hart | Official Trailer | Netflix,2021-05-10T12:30:01Z
137,UCWOA1ZGywLbqmigxE4Qlvuw,netflix,705yRfs6Dbs,To The Bone | Official Trailer [HD] | Netflix,2017-06-20T16:02:15Z
138,UCWOA1ZGywLbqmigxE4Qlvuw,netflix,Q-G1BME8FKw,Outlaw King | Official Trailer [HD] | Netflix,2018-08-20T13:00:05Z
139,UCWOA1ZGywLbqmigxE4Qlvuw,netflix,u8ZsUivELbs,Outside the Wire | Official Trailer | Netflix,2021-01-06T16:00:03Z
140,UCWOA1ZGywLbqmigxE4Qlvuw,netflix,PHqyFhrb3uU,A Classic Horror Story | Official Trailer | Netflix,2021-06-16T10:00:00Z
141,UCWOA1ZGywLbqmigxE4Qlvuw,netflix,1zLKbMAZNGI,Pieces of a Woman | Official Trailer | Netflix,2020-11-17T14:00:05Z
142,UCWOA1ZGywLbqmigxE4Qlvuw,netflix,r9sSydb5ec8,Blood Sisters | Official Trailer | Netflix,2022-04-07T08:00:00Z
143,UCWOA1ZGywLbqmigxE4Qlvuw,netflix,bbtcUPJ_N4U,The Principles of Pleasure | Official Trailer | Netflix,2022-03-03T17:00:00Z
144,UCWOA1ZGywLbqmigxE4Qlvuw,netflix,HyOCCCbxwMQ,Never Have I Ever | Official Trailer | Netflix,2020-04-15T20:00:01Z
145,UCWOA1ZGywLbqmigxE4Qlvuw,netflix,1lXLGwe_DUU,Candy Jar | Official Trailer [HD] | Netflix,2018-04-19T14:59:49Z
146,UCWOA1ZGywLbqmigxE4Qlvuw,netflix,DgvaXros3MY,Ancient Apocalypse | Official Trailer | Netflix,2022-10-19T13:00:00Z
147,UCWOA1ZGywLbqmigxE4Qlvuw,netflix,st6r-8mLW_o,The Rain | Official Trailer [HD] | Netflix,2018-04-23T16:00:53Z
148,UCWOA1ZGywLbqmigxE4Qlvuw,netflix,b_m3jC4hGn0,A Cop Movie | Official Trailer | Netflix,2021-09-07T15:00:00Z
149,UCWOA1ZGywLbqmigxE4Qlvuw,netflix,f9OVdmIxkso,The Princess Switch 2: Switched Again | Official Trailer | Netflix,2020-11-09T18:00:01Z
150,UCWOA1ZGywLbqmigxE4Qlvuw,netflix,L8tCoWmooRE,Restless | Official Trailer | Netflix,2022-02-04T11:00:01Z
151,UCWOA1ZGywLbqmigxE4Qlvuw,netflix,QILhvR4QPsQ,Lou | Official Trailer | Netflix,2022-08-22T19:00:00Z
152,UCWOA1ZGywLbqmigxE4Qlvuw,netflix,S5qJXYNNINo,Anne | Official Trailer [HD] | Netflix,2017-04-04T16:00:02Z
153,UCWOA1ZGywLbqmigxE4Qlvuw,netflix,kFIbSnJ9tQM,Afterlife of the Party | Official Trailer | Netflix,2021-08-16T14:00:00Z
154,UCWOA1ZGywLbqmigxE4Qlvuw,netflix,3boMRfx6cjE,Love Hard | Official Trailer | Netflix,2021-10-07T15:00:00Z
155,UCWOA1ZGywLbqmigxE4Qlvuw,netflix,hcz6MNjTCE4,High Water | Official Trailer | Netflix,2022-09-07T07:00:00Z
156,UCWOA1ZGywLbqmigxE4Qlvuw,netflix,2A5KtlZq7ws,Queen | Official Trailer | Netflix,2022-05-24T08:00:05Z
157,UCWOA1ZGywLbqmigxE4Qlvuw,netflix,aT7XzkO_CmM,Tear Along The Dotted Line | Official Trailer | Netflix,2021-10-18T12:30:00Z
158,UCWOA1ZGywLbqmigxE4Qlvuw,netflix,_TFc9pprTLE,Before I Wake | Official Trailer | Netflix,2018-01-06T02:18:18Z
159,UCWOA1ZGywLbqmigxE4Qlvuw,netflix,hxaaAoI57fk,Holidate starring Emma Roberts | Find Your Perfect Plus-One | Official Trailer | Netflix,2020-09-29T15:00:01Z
160,UCWOA1ZGywLbqmigxE4Qlvuw,netflix,8hq28cZ938E,Sand Castle | Official Trailer [HD] | Netflix,2017-03-02T14:30:05Z
161,UCWOA1ZGywLbqmigxE4Qlvuw,netflix,9pZrPauX_WM,Intimacy | Official Trailer | Netflix,2022-05-31T09:00:05Z
162,UCWOA1ZGywLbqmigxE4Qlvuw,netflix,5fKn0Dhj64w,The Kissing Booth 3 | Official Trailer | Netflix,2021-07-06T22:25:00Z
163,UCWOA1ZGywLbqmigxE4Qlvuw,netflix,CI6MV7ZTCbg,How I Became a Superhero | Official Trailer | Netflix,2021-06-17T10:00:00Z
164,UCWOA1ZGywLbqmigxE4Qlvuw,netflix,aYPUYVgwLWY,Jingle Jangle: A Christmas Journey | Everything is Possible | Official Trailer | Netflix,2020-10-04T13:00:02Z
165,UCWOA1ZGywLbqmigxE4Qlvuw,netflix,ax5YUmkWf_Y,Cyberpunk: Edgerunners | Official Trailer (Studio Trigger Version) | Netflix,2022-08-01T16:00:00Z
166,UCWOA1ZGywLbqmigxE4Qlvuw,netflix,dpLaoYw8xug,A Week Away | Official Trailer | Netflix,2021-02-22T19:00:01Z
167,UCWOA1ZGywLbqmigxE4Qlvuw,netflix,Nc6loZU3kjQ,Secret Obsession | Official Trailer | Netflix,2019-07-08T14:01:10Z
168,UCWOA1ZGywLbqmigxE4Qlvuw,netflix,gZMOVvSkm44,Fakes | Official Trailer | Netflix,2022-08-10T15:00:00Z
169,UCWOA1ZGywLbqmigxE4Qlvuw,netflix,Qe9B8kzlFjM,The Last Summer | Official Trailer [HD] | Netflix,2019-04-09T21:00:31Z
170,UCWOA1ZGywLbqmigxE4Qlvuw,netflix,YaeDa_Uempk,The Christmas Chronicles | Official Trailer | Netflix,2018-11-01T13:30:00Z
171,UCWOA1ZGywLbqmigxE4Qlvuw,netflix,hskfrLEkrxc,The Seven Deadly Sins: Grudge of Edinburgh Part 1 | Official Trailer | Netflix,2022-11-19T03:00:00Z
172,UCWOA1ZGywLbqmigxE4Qlvuw,netflix,mEEMbNS6fzY,Roald Dahl‚Äôs Matilda the Musical | Official Trailer | Netflix,2022-10-13T13:00:00Z
173,UCWOA1ZGywLbqmigxE4Qlvuw,netflix,-JtwROpSVWc,The Knight Before Christmas starring Vanessa Hudgens | Official Trailer | Netflix,2019-11-07T15:00:03Z
174,UCWOA1ZGywLbqmigxE4Qlvuw,netflix,-zjikObAJHk,The Ice Road | Official Trailer | Netflix,2021-05-18T17:00:00Z
175,UCWOA1ZGywLbqmigxE4Qlvuw,netflix,kk6f4enUo6w,The Final Score | Official Trailer | Netflix,2022-10-27T13:30:00Z
176,UCWOA1ZGywLbqmigxE4Qlvuw,netflix,1d0Zf9sXlHk,Enola Holmes | Official Trailer | Netflix,2020-08-25T12:30:00Z
177,UCWOA1ZGywLbqmigxE4Qlvuw,netflix,nOMiQll5pQ0,Killer Sally | Official Trailer | Netflix,2022-10-19T09:00:00Z
178,UCWOA1ZGywLbqmigxE4Qlvuw,netflix,13nSISwxrY4,Neon Genesis Evangelion | Official Trailer [HD] | Netflix,2018-11-27T03:00:07Z
179,UCWOA1ZGywLbqmigxE4Qlvuw,netflix,ieqemSsMxek,Horse Girl | Official Trailer | Netflix,2020-01-21T13:30:02Z
180,UCWOA1ZGywLbqmigxE4Qlvuw,netflix,LPgBQSya5rU,Lookism | Official Trailer | Netflix,2022-10-26T00:00:01Z
181,UCWOA1ZGywLbqmigxE4Qlvuw,netflix,UMmfRJdPPoE,The Redeem Team | Official Trailer | Netflix,2022-09-13T15:30:00Z
182,UCWOA1ZGywLbqmigxE4Qlvuw,netflix,AmOheoEWjt4,Who&#39;s a Good Boy? | Official Trailer | Netflix,2022-11-03T13:30:00Z
183,UCWOA1ZGywLbqmigxE4Qlvuw,netflix,2Cwaneq2w-4,The Wrong Missy | Official Trailer | Netflix,2020-04-21T14:00:02Z
184,UCWOA1ZGywLbqmigxE4Qlvuw,netflix,N-QI4XU_Tys,Single‚Äôs Inferno 2 | Official Trailer | Netflix,2022-11-15T00:00:00Z
185,UCWOA1ZGywLbqmigxE4Qlvuw,netflix,oqxAJKy0ii4,Squid Game | Official Trailer | Netflix,2021-09-02T00:00:02Z
186,UCWOA1ZGywLbqmigxE4Qlvuw,netflix,A1PTIxYrTVw,Along for the Ride | Official Trailer | Netflix,2022-03-24T16:00:01Z
187,UCWOA1ZGywLbqmigxE4Qlvuw,netflix,YQ1vN_91KO0,Man Vs Bee | Official Trailer | Netflix,2022-05-26T11:00:22Z
188,UCWOA1ZGywLbqmigxE4Qlvuw,netflix,J6QEnsNMkks,The Autopsy Official Trailer | GUILLERMO DEL TORO‚ÄôS CABINET OF CURIOSITIES | Netflix,2022-10-26T14:30:00Z
189,UCWOA1ZGywLbqmigxE4Qlvuw,netflix,-qIlCo9yqpY,"Black Mirror: Rachel, Jack and Ashley Too | Official Trailer | Netflix",2019-05-21T14:40:04Z
190,UCWOA1ZGywLbqmigxE4Qlvuw,netflix,sB7LEqzXl_Y,Conversations with a Killer: The Jeffrey Dahmer Tapes | Official Trailer | Netflix,2022-09-22T16:00:00Z
191,UCWOA1ZGywLbqmigxE4Qlvuw,netflix,0DAmWHxeoKw,The Umbrella Academy | Official Trailer | Netflix,2019-01-24T16:30:11Z
192,UCWOA1ZGywLbqmigxE4Qlvuw,netflix,HCtDkpe89aY,SENIOR YEAR starring Rebel Wilson | Official Trailer | Netflix,2022-04-11T13:00:01Z
193,UCWOA1ZGywLbqmigxE4Qlvuw,netflix,f-LKtOPn8U4,Don&#39;t Leave | Official Trailer | Netflix,2022-10-24T08:00:00Z
194,UCWOA1ZGywLbqmigxE4Qlvuw,netflix,65xa8TG2G8o,Inventing Anna | Official Trailer | Netflix,2022-01-14T16:00:00Z
195,UCWOA1ZGywLbqmigxE4Qlvuw,netflix,IN5TD4VRcSM,All of Us Are Dead | Official Trailer | Netflix,2022-01-14T00:00:00Z
196,UCWOA1ZGywLbqmigxE4Qlvuw,netflix,EbptKdhRXEo,BEAUTY | Official Trailer | Netflix,2022-06-15T13:00:00Z
197,UCWOA1ZGywLbqmigxE4Qlvuw,netflix,pyM3z73oMAk,365 Days: This Day | Official Trailer | Netflix,2022-04-07T14:00:00Z
198,UCWOA1ZGywLbqmigxE4Qlvuw,netflix,A_apvQkWsVY,Stowaway | Official Trailer | Netflix,2021-03-24T13:15:01Z
199,UCWOA1ZGywLbqmigxE4Qlvuw,netflix,Xj2b0swdpX8,LOVE DEATH + ROBOTS VOLUME 3 | Official Trailer | Netflix,2022-05-09T14:00:05Z
200,UCWOA1ZGywLbqmigxE4Qlvuw,netflix,_zxhK3Z-R0c,Through My Window | Official Trailer | Netflix,2022-01-04T14:30:58Z
201,UCWOA1ZGywLbqmigxE4Qlvuw,netflix,vRunUkdkK8s,ATHENA directed by Romain Gavras | Official Trailer | Netflix,2022-08-24T15:10:00Z
202,UCWOA1ZGywLbqmigxE4Qlvuw,netflix,XXuBwwZvruI,BONDiNG | Official Trailer | Netflix,2019-04-22T19:00:02Z
203,UCWOA1ZGywLbqmigxE4Qlvuw,netflix,27dZyLpY4xU,Once Upon a Time... Happily Never After | Official Trailer | Netflix,2022-02-23T14:00:00Z
204,UCWOA1ZGywLbqmigxE4Qlvuw,netflix,_U2m1x5pmKM,Home For Christmas | Official Trailer | Netflix,2019-11-19T09:00:00Z
205,UCWOA1ZGywLbqmigxE4Qlvuw,netflix,EoGojQE4p-8,Run starring Sarah Paulson and introducing Kiera Allen | Official Trailer | Netflix,2021-03-23T17:00:00Z
206,UCWOA1ZGywLbqmigxE4Qlvuw,netflix,vKQzQ6fUkxU,Taco Chronicles: Cross the border | Official Trailer | Netflix,2022-10-26T16:00:00Z
207,UCWOA1ZGywLbqmigxE4Qlvuw,netflix,dXpa5PrtuP0,Heartbreak High | Official Trailer | Netflix,2022-08-17T20:00:00Z
208,UCWOA1ZGywLbqmigxE4Qlvuw,netflix,W0Zma6L9bfI,Cici | Official Trailer | Netflix,2022-10-13T08:00:00Z
209,UCWOA1ZGywLbqmigxE4Qlvuw,netflix,7vUQYzZ_UZc,Choose or Die | Official Trailer | Netflix,2022-03-29T13:00:00Z
210,UCWOA1ZGywLbqmigxE4Qlvuw,netflix,tI1JGPhYBS8,Army of the Dead | Official Trailer | Netflix,2021-04-13T15:15:01Z
211,UCWOA1ZGywLbqmigxE4Qlvuw,netflix,lCQimQfDuTs,"BARDO, False Chronicle of a Handful of Truths | Official Trailer | Netflix",2022-09-22T13:30:00Z
212,UCWOA1ZGywLbqmigxE4Qlvuw,netflix,P-E-IGQCsPo,The Sea Beast | Official Trailer | Netflix,2022-06-07T16:05:02Z
213,UCWOA1ZGywLbqmigxE4Qlvuw,netflix,XIkQFUlBXF0,Love &amp; Gelato | Official Trailer | Netflix,2022-06-03T10:00:00Z
214,UCWOA1ZGywLbqmigxE4Qlvuw,netflix,S7zP4ccVxYY,I Used to be Famous | Official Trailer | Netflix,2022-08-15T14:00:00Z
215,UCWOA1ZGywLbqmigxE4Qlvuw,netflix,Mmq_NVwLN_g,ME TIME | Official Trailer | Netflix,2022-07-26T14:00:03Z
216,UCWOA1ZGywLbqmigxE4Qlvuw,netflix,Hkb64KzON9E,Kangaroo Valley | Official Trailer | Netflix,2022-11-18T19:00:00Z
217,UCWOA1ZGywLbqmigxE4Qlvuw,netflix,CGZmwsK58M8,Malcolm &amp; Marie | Official Trailer | Netflix,2021-01-08T17:00:00Z
218,UCWOA1ZGywLbqmigxE4Qlvuw,netflix,WTLgg8oRSBE,Purple Hearts | Official Trailer | Netflix,2022-07-12T15:00:00Z
219,UCWOA1ZGywLbqmigxE4Qlvuw,netflix,FHuHMwdHY8k,Neal Brennan: Blocks | Official Trailer | Netflix,2022-10-26T17:00:00Z
220,UCWOA1ZGywLbqmigxE4Qlvuw,netflix,uIdjcDTc9Vk,Resident Evil | Official Trailer | Netflix,2022-06-06T17:00:03Z
221,UCWOA1ZGywLbqmigxE4Qlvuw,netflix,LhERIj0ddXI,The Innocent | Official Trailer | Netflix,2021-04-09T12:11:08Z
222,UCWOA1ZGywLbqmigxE4Qlvuw,netflix,dtohea4CFbE,Mo | Official Trailer | Netflix,2022-08-09T14:30:00Z
223,UCWOA1ZGywLbqmigxE4Qlvuw,netflix,RYmQHMC8NII,First Love | Official Trailer | Netflix,2022-11-14T23:00:00Z
224,UCWOA1ZGywLbqmigxE4Qlvuw,netflix,omn2PJEuOTw,We Can Be Heroes starring Priyanka Chopra &amp; Pedro Pascal | Official Trailer | Netflix,2020-12-04T16:00:03Z
225,UCWOA1ZGywLbqmigxE4Qlvuw,netflix,bUN5uSu_VQM,XOXO | Official Trailer [HD] | Netflix,2016-08-04T15:30:05Z
226,UCWOA1ZGywLbqmigxE4Qlvuw,netflix,c_pHCqZkXvY,ENTERGALACTIC | Official Trailer | Netflix,2022-09-12T16:00:01Z
227,UCWOA1ZGywLbqmigxE4Qlvuw,netflix,f2OGhJoypPw,The Mystery of Marilyn Monroe: The Unheard Tapes | Official Trailer | Netflix,2022-04-01T14:00:00Z
228,UCWOA1ZGywLbqmigxE4Qlvuw,netflix,iXdw5wYI4cY,The Next 365 Days | Official Trailer | Netflix,2022-08-08T16:00:00Z
229,UCWOA1ZGywLbqmigxE4Qlvuw,netflix,OMvNYm3g-tA,¬°Que viva M√©xico! | Official Trailer | Netflix,2022-10-04T12:00:00Z
230,UCWOA1ZGywLbqmigxE4Qlvuw,netflix,Sk5uBa68FAg,Deon Cole: Charleen‚Äôs Boy | Official Trailer | Netflix #shorts,2022-11-07T17:30:00Z
231,UCWOA1ZGywLbqmigxE4Qlvuw,netflix,Nne2blorXnE,ANNE+ The Film | Official Trailer | Netflix,2022-01-13T08:30:00Z
232,UCWOA1ZGywLbqmigxE4Qlvuw,netflix,XqTPaRz8Nx8,He&#39;s All That | Addison Rae &amp; Tanner Buchanan | Official Trailer | Netflix,2021-08-04T20:00:01Z
233,UCWOA1ZGywLbqmigxE4Qlvuw,netflix,z-81WVD8xTs,Insatiable | Official Trailer | Netflix,2018-07-19T15:01:13Z
234,UCWOA1ZGywLbqmigxE4Qlvuw,netflix,pN8xZ5WDonk,Cam | Official Trailer [HD] | Netflix,2018-11-08T21:59:56Z
235,UCWOA1ZGywLbqmigxE4Qlvuw,netflix,UAA6VUtPNzk,F*ck Love Too | Official Trailer | Netflix,2022-04-26T10:00:16Z
236,UCWOA1ZGywLbqmigxE4Qlvuw,netflix,D4wJK4C_nZY,First Kill | Official Trailer | Netflix,2022-05-12T17:00:05Z
237,UCWOA1ZGywLbqmigxE4Qlvuw,netflix,cH4mYC91omg,Lust Stories | Official Trailer | Netflix,2018-05-18T11:00:06Z
238,UCWOA1ZGywLbqmigxE4Qlvuw,netflix,xltjtd4Tx1A,How To Build a Sex Room | Official Trailer | Netflix,2022-06-23T14:00:29Z
0,UCIrgJInjLS2BhlHOMDW7v0g,disney,XIT1u0DxuRs,Elton John Live: Farewell from Dodger Stadium | Official Trailer | Disney+,2022-11-14T14:03:12Z
1,UCIrgJInjLS2BhlHOMDW7v0g,disney,fnn9zEQbqI0,If These Walls Could Sing | Official Trailer | Disney+,2022-11-14T19:00:07Z
2,UCIrgJInjLS2BhlHOMDW7v0g,disney,QOTKWuIlmh8,National Treasure: Edge Of History | Official Trailer | Disney+,2022-09-10T23:32:54Z
3,UCIrgJInjLS2BhlHOMDW7v0g,disney,6Of1wKwGVPo,The Santa Clauses | Official Trailer | Disney+,2022-10-27T16:03:37Z
4,UCIrgJInjLS2BhlHOMDW7v0g,disney,L2GVrR8233E,Just Beyond | Official Trailer | Disney+,2021-09-30T16:00:04Z
5,UCIrgJInjLS2BhlHOMDW7v0g,disney,jcQhT_HZx8s,Soundtrack #1 | Official Trailer | Disney+,2022-10-19T18:00:18Z
6,UCIrgJInjLS2BhlHOMDW7v0g,disney,5vmaG3MUrYg,Sneakerella | Official Trailer | Disney+,2022-04-08T17:55:16Z
7,UCIrgJInjLS2BhlHOMDW7v0g,disney,QFwJJywzbDs,Ice Age: Scrat Tales | Official Trailer | Disney+,2022-03-29T15:00:20Z
8,UCIrgJInjLS2BhlHOMDW7v0g,disney,HJ6iehLtmtY,Mickey: The Story of a Mouse | Official Trailer | Disney+,2022-11-02T18:00:12Z
9,UCIrgJInjLS2BhlHOMDW7v0g,disney,RKWQ2Pce74k,Happier Than Ever: A Love Letter to LA | Official Trailer | Disney+,2021-08-24T16:00:22Z
10,UCIrgJInjLS2BhlHOMDW7v0g,disney,C57EJhgQ8t0,Idina Menzel: Which Way to the Stage? | Official Trailer | Disney+,2022-11-09T17:00:56Z
11,UCIrgJInjLS2BhlHOMDW7v0g,disney,tFMQs50V1g8,Growing Up | Official Trailer | Disney+,2022-08-08T18:07:13Z
12,UCIrgJInjLS2BhlHOMDW7v0g,disney,DpZ3yZhsWZE,Black Beauty | Official Trailer | Disney+,2020-11-11T22:47:11Z
13,UCIrgJInjLS2BhlHOMDW7v0g,disney,MUpFzScK7P8,The Mysterious Benedict Society | Official Trailer | Disney+,2021-05-20T13:39:16Z
14,UCIrgJInjLS2BhlHOMDW7v0g,disney,79sHAvFiBt0,Playing with Sharks | Official Trailer | Disney+,2021-06-29T15:00:02Z
15,UCIrgJInjLS2BhlHOMDW7v0g,disney,OWEgUhWU4g4,Clouds l Official Trailer | Disney+,2020-09-10T01:10:56Z
16,UCIrgJInjLS2BhlHOMDW7v0g,disney,OGX8Jyjkj0o,The Quest | Official Trailer | Disney+,2022-04-02T19:00:45Z
17,UCIrgJInjLS2BhlHOMDW7v0g,disney,MgQUed4iEI8,Save Our Squad with David Beckham | Official Trailer | Disney+,2022-10-13T13:00:31Z
18,UCIrgJInjLS2BhlHOMDW7v0g,disney,INv-OQ1clmw,Tron | Unofficial Official Trailer | Disney+,2022-07-09T16:00:19Z
19,UCIrgJInjLS2BhlHOMDW7v0g,disney,mrDe05g1bLU,Best in Snow | Official Trailer | Disney+,2022-11-03T16:00:55Z
20,UCIrgJInjLS2BhlHOMDW7v0g,disney,VS3_UU-sWeM,Tierra Inc√≥gnita | Official Trailer | Disney+,2022-09-08T16:54:31Z
21,UCIrgJInjLS2BhlHOMDW7v0g,disney,YBCOVyYo6VA,The Biggest Little Farm: The Return | Official Trailer | Disney+,2022-04-08T14:59:37Z
22,UCIrgJInjLS2BhlHOMDW7v0g,disney,YM8zgY7sG_g,Big | Official Trailer | Disney+,2020-12-04T20:00:06Z
23,UCIrgJInjLS2BhlHOMDW7v0g,disney,GlYxLChVy_0,"Doogie Kamealoha, M.D. | Official Trailer | Disney+",2021-08-27T16:46:24Z
24,UCIrgJInjLS2BhlHOMDW7v0g,disney,ijsh5RVYnoY,Monsters at Work | Official Trailer | Disney+,2021-06-11T15:00:17Z
25,UCIrgJInjLS2BhlHOMDW7v0g,disney,vOTDb9UqTa0,On Pointe | Official Trailer | Disney+,2020-11-25T18:07:08Z
26,UCIrgJInjLS2BhlHOMDW7v0g,disney,Z6ET4N6Sfhs,Big Shot | Official Trailer | Disney+,2021-03-24T14:54:20Z
27,UCIrgJInjLS2BhlHOMDW7v0g,disney,tLrwPjLlOjM,Turner &amp; Hooch | Official Trailer | Disney+,2021-06-23T17:05:09Z
28,UCIrgJInjLS2BhlHOMDW7v0g,disney,SRDGQZHsiGg,Hip Hop Nutcracker | Official Trailer | Disney+,2022-11-03T16:00:48Z
29,UCIrgJInjLS2BhlHOMDW7v0g,disney,OD3UhmRy4lg,The Mighty Ducks: Game Changers | Official Trailer | Disney+,2021-02-24T19:35:03Z
30,UCIrgJInjLS2BhlHOMDW7v0g,disney,EGsoC0bWakU,Zombies 3 | Official Trailer | Disney+,2022-06-23T16:00:04Z
31,UCIrgJInjLS2BhlHOMDW7v0g,disney,qNlrmBWY25Q,The Proud Family: Louder and Prouder | Official Trailer | Disney+,2022-01-14T17:02:24Z
32,UCIrgJInjLS2BhlHOMDW7v0g,disney,-VVHUq4tOzg,OLIVIA RODRIGO: driving home 2 u (a SOUR film) | Official Trailer | Disney+,2022-03-17T16:08:42Z
33,UCIrgJInjLS2BhlHOMDW7v0g,disney,S1JmLvFWi0w,Earth to Ned | Official Trailer | Disney+,2020-08-17T14:23:34Z
34,UCIrgJInjLS2BhlHOMDW7v0g,disney,BmYhYPNbhtw,Inside Pixar | Official Trailer | Disney+,2020-11-11T18:10:02Z
35,UCIrgJInjLS2BhlHOMDW7v0g,disney,0FKJNcV9Ym4,The Black Hole | Unofficial Official Trailer | Disney+,2020-10-28T00:42:55Z
36,UCIrgJInjLS2BhlHOMDW7v0g,disney,D7HrBvBJR-c,Tudo Igual... SQN | Official Trailer | Disney+,2022-07-20T22:45:50Z
37,UCIrgJInjLS2BhlHOMDW7v0g,disney,SwAF6sYb94s,FAUCI | Official Trailer | Disney+,2021-10-04T13:05:03Z
38,UCIrgJInjLS2BhlHOMDW7v0g,disney,1gvcNY5ywqw,Among the Stars | Official Trailer | Disney+,2021-09-15T00:13:31Z
39,UCIrgJInjLS2BhlHOMDW7v0g,disney,ocYDDO_04lQ,The Wonderful Autumn of Mickey Mouse | Official Trailer | Disney+,2022-10-12T16:00:17Z
40,UCIrgJInjLS2BhlHOMDW7v0g,disney,E0JxDffw9J8,BTS: PERMISSION TO DANCE ON STAGE ‚Äì LA | Official Trailer | Disney+,2022-09-08T07:23:33Z
41,UCIrgJInjLS2BhlHOMDW7v0g,disney,_1PSRHVtmIo,Trevor: The Musical | Official Trailer | Disney+,2022-06-01T15:01:10Z
42,UCIrgJInjLS2BhlHOMDW7v0g,disney,gh0KJImjkqc,X-Men: The Animated Series | Unofficial Official Trailer | Disney+,2020-10-28T00:43:37Z
43,UCIrgJInjLS2BhlHOMDW7v0g,disney,Aofd2grKYCs,Disney+ ‚ÄúThis Is Me‚Äù Pride Celebration Spectacular | Official Trailer | Disney+,2021-06-25T22:54:02Z
44,UCIrgJInjLS2BhlHOMDW7v0g,disney,ZpkRgaXNGyo,Stuntman | Official Trailer | Disney+,2021-07-16T14:00:08Z
45,UCIrgJInjLS2BhlHOMDW7v0g,disney,-lnw6DFZTYo,The Wonderful World of Mickey Mouse | Official Trailer | Disney+,2020-11-11T00:00:06Z
46,UCIrgJInjLS2BhlHOMDW7v0g,disney,IPNmW1Mug-4,Mija | Official Trailer | Disney+,2022-08-19T19:01:47Z
47,UCIrgJInjLS2BhlHOMDW7v0g,disney,xDlGkFoj1TY,Wolfgang | Official Trailer | Disney+,2021-06-08T17:00:38Z
48,UCIrgJInjLS2BhlHOMDW7v0g,disney,Pi-dyFk5pgo,IN THE SOOP : Friendcation | Official Trailer | Disney+,2022-10-05T13:00:48Z
49,UCIrgJInjLS2BhlHOMDW7v0g,disney,nswae1s320k,Escape to Witch Mountain | Unofficial Official Trailer | Disney+,2020-10-28T00:42:59Z
50,UCIrgJInjLS2BhlHOMDW7v0g,disney,Ptlg57Ilpso,It‚Äôs A Dog‚Äôs Life | Official Trailer | Disney+,2020-04-24T17:08:43Z
51,UCIrgJInjLS2BhlHOMDW7v0g,disney,32g-9Jbwlc4,The Computer Wore Tennis Shoes | Unofficial Official Trailer | Disney+,2020-10-28T00:42:50Z
52,UCIrgJInjLS2BhlHOMDW7v0g,disney,P1_KHFbCzIY,A Celebration of the Music from Coco | Official Trailer | Disney+,2020-03-18T14:53:53Z
53,UCIrgJInjLS2BhlHOMDW7v0g,disney,iv3yDQ83Jcc,The Cat from Outer Space | Unofficial Official Trailer | Disney+,2020-10-28T00:42:43Z
54,UCIrgJInjLS2BhlHOMDW7v0g,disney,gn3gK27HIsw,The Love Bug | Unofficial Official Trailer | Disney+,2020-10-28T00:43:02Z
55,UCIrgJInjLS2BhlHOMDW7v0g,disney,BnpTgHVmH_0,Becoming | Official Trailer | Disney+,2020-08-18T13:41:40Z
56,UCIrgJInjLS2BhlHOMDW7v0g,disney,qFn9Tmjj-hY,The Shaggy D.A. | Unofficial Official Trailer | Disney+,2020-10-28T00:43:32Z
57,UCIrgJInjLS2BhlHOMDW7v0g,disney,HLdY__1EKic,Chip &#39;n&#39; Dale: Park Life | Official Trailer | Disney+,2021-07-20T16:12:16Z
58,UCIrgJInjLS2BhlHOMDW7v0g,disney,YrdjmuREFrc,Say It With Pride: Disney+ Celebrates Pride 365 | Official Trailer | Disney+,2022-06-23T14:10:08Z
59,UCIrgJInjLS2BhlHOMDW7v0g,disney,hz6stWWu6XI,Diary of a Future President | Official Trailer | Disney+,2020-01-06T22:31:02Z
60,UCIrgJInjLS2BhlHOMDW7v0g,disney,Ahu3shMjKxE,Short Circuit | Official Trailer | Disney+,2020-01-24T21:19:28Z
61,UCIrgJInjLS2BhlHOMDW7v0g,disney,VgR3DLLm_j4,Encore! | Official Trailer | Disney+,2019-08-24T00:36:41Z
62,UCIrgJInjLS2BhlHOMDW7v0g,disney,krv321vG4og,The Making of Happier Than Ever: A Love Letter to Los Angeles | Official Trailer | Disney+,2021-11-10T00:14:48Z
63,UCIrgJInjLS2BhlHOMDW7v0g,disney,fZWoS5vW8J8,Shop Class | Official Trailer | Disney+,2020-02-06T19:15:46Z
64,UCIrgJInjLS2BhlHOMDW7v0g,disney,pYr2shJhO2Y,Pentatonix: Around the World for the Holidays | Official Trailer | Disney+,2022-11-03T16:00:35Z
65,UCIrgJInjLS2BhlHOMDW7v0g,disney,oqZ3fq-hYxo,Turning the Tables with Robin Roberts | Official Trailer | Disney+,2021-06-21T13:05:05Z
66,UCIrgJInjLS2BhlHOMDW7v0g,disney,WluwGWAyfqU,Disney‚Äôs Launchpad | Official Trailer | Disney+,2021-04-14T19:00:14Z
